PLAYER_NAME,GAMES_PLAYED,PTS_AVG,PTS_median,PTS_std,PTS_min,PTS_max,REB_AVG,AST_AVG,STL_AVG,BLK_AVG,FG_PCT,FG3_PCT,FT_PCT,FIRST_GAME,LAST_GAME,FANTASY_PTS
Luka Dončić,70,33.857142857142854,34.0,8.810872259844428,16,73,9.242857142857142,9.8,1.4142857142857144,0.5428571428571428,0.48411428571428566,0.37497142857142857,0.7942142857142857,2023-10-25,2024-04-10,46.56285714285715
Nikola Jokić,79,26.39240506329114,27.0,8.160910145193535,4,42,12.354430379746836,8.962025316455696,1.3670886075949367,0.8607594936708861,0.6012151898734177,0.3488354430379747,0.784367088607595,2023-10-24,2024-04-14,45.61645569620253
Joel Embiid,39,34.69230769230769,33.0,9.451131500496443,14,70,11.025641025641026,5.615384615384615,1.1794871794871795,1.6923076923076923,0.5254871794871795,0.381,0.885102564102564,2023-10-26,2024-04-12,45.589743589743584
Giannis Antetokounmpo,73,30.438356164383563,31.0,9.119555150837286,11,64,11.520547945205479,6.52054794520548,1.1917808219178083,1.082191780821918,0.6133424657534247,0.22247945205479452,0.6321095890410958,2023-10-26,2024-04-09,43.091780821917816
Domantas Sabonis,82,19.426829268292682,18.0,6.33631603800298,8,37,13.658536585365853,8.207317073170731,0.9024390243902439,0.5853658536585366,0.5974268292682926,0.27439024390243905,0.6536951219512195,2023-10-25,2024-04-14,42.103658536585364
Anthony Davis,76,24.68421052631579,26.0,8.05184952056075,4,41,12.644736842105264,3.5,1.1973684210526316,2.3421052631578947,0.5574736842105263,0.17378947368421052,0.7800263157894737,2023-10-24,2024-04-14,39.18684210526315
Victor Wembanyama,71,21.43661971830986,21.0,7.248117774126302,7,40,10.633802816901408,3.859154929577465,1.2394366197183098,3.5774647887323945,0.4638591549295774,0.3124929577464789,0.7370563380281691,2023-10-25,2024-04-12,39.11971830985916
LeBron James,71,25.661971830985916,25.0,6.656776701703162,10,40,7.295774647887324,8.295774647887324,1.2535211267605635,0.5352112676056338,0.5422394366197183,0.4045915492957746,0.7308591549295774,2023-10-24,2024-04-14,37.93802816901408
Shai Gilgeous-Alexander,75,30.053333333333335,31.0,6.972713871853536,7,43,5.533333333333333,6.2,2.0,0.8933333333333333,0.5367999999999999,0.3797066666666667,0.87496,2023-10-25,2024-04-14,36.28000000000001
Trae Young,54,25.72222222222222,24.5,8.83905712265794,11,45,2.759259259259259,10.796296296296296,1.3333333333333333,0.2037037037037037,0.432037037037037,0.3715,0.8341111111111111,2023-10-25,2024-04-14,36.05185185185184
Tyrese Haliburton,69,20.130434782608695,19.0,8.420760485913688,0,44,3.927536231884058,10.898550724637682,1.2028985507246377,0.6956521739130435,0.47149275362318843,0.3446086956521739,0.7019710144927537,2023-10-25,2024-04-14,35.48840579710145
Scottie Barnes,60,19.85,20.0,6.498565682687481,6,32,8.233333333333333,6.05,1.25,1.4666666666666666,0.4731166666666667,0.31178333333333336,0.634,2023-10-25,2024-03-01,34.23833333333333
Jayson Tatum,74,26.85135135135135,26.0,7.043276075439692,7,45,8.121621621621621,4.918918918918919,1.0135135135135136,0.581081081081081,0.47174324324324324,0.3740675675675676,0.7894324324324324,2023-10-25,2024-04-11,34.16486486486486
Ja Morant,9,25.11111111111111,26.0,6.050711620223783,17,34,5.555555555555555,8.11111111111111,0.7777777777777778,0.5555555555555556,0.45933333333333337,0.2856666666666667,0.834111111111111,2023-12-19,2024-01-05,33.611111111111114
Kevin Durant,75,27.093333333333334,27.0,7.4347128360788055,11,45,6.6,5.04,0.92,1.2133333333333334,0.5309866666666666,0.42233333333333334,0.8025466666666667,2023-10-24,2024-04-14,33.34000000000001
Alperen Sengun,63,21.126984126984127,21.0,7.08358407435485,7,45,9.34920634920635,4.9523809523809526,1.2063492063492063,0.7301587301587301,0.538047619047619,0.26625396825396824,0.6352857142857143,2023-10-25,2024-03-10,33.14761904761905
Donovan Mitchell,55,26.6,27.0,8.716948157766295,10,45,5.090909090909091,6.054545454545455,1.8363636363636364,0.5454545454545454,0.45261818181818186,0.3584,0.8443090909090909,2023-10-25,2024-04-12,33.05454545454546
LaMelo Ball,22,23.90909090909091,26.5,9.252588265474133,7,37,5.136363636363637,8.0,1.8181818181818181,0.18181818181818182,0.42936363636363634,0.34454545454545454,0.7849545454545453,2023-10-25,2024-01-26,32.82272727272728
Devin Booker,68,27.073529411764707,25.5,10.223350761377937,7,62,4.529411764705882,6.9411764705882355,0.8970588235294118,0.4117647058823529,0.48060294117647057,0.35211764705882354,0.8597352941176472,2023-10-24,2024-04-14,32.78823529411765
Julius Randle,46,23.956521739130434,23.5,8.01652881860453,6,41,9.195652173913043,4.978260869565218,0.5434782608695652,0.2608695652173913,0.46258695652173915,0.3204565217391304,0.7862391304347827,2023-10-25,2024-01-27,32.31739130434783
De'Aaron Fox,74,26.56756756756757,26.5,8.480567765112179,3,44,4.594594594594595,5.648648648648648,2.027027027027027,0.4189189189189189,0.4617162162162162,0.3580135135135135,0.6907432432432433,2023-10-25,2024-04-14,32.195945945945944
Bam Adebayo,71,19.253521126760564,20.0,5.434593715552132,5,31,10.380281690140846,3.915492957746479,1.1408450704225352,0.9295774647887324,0.5297323943661971,0.13028169014084506,0.693169014084507,2023-10-25,2024-04-14,31.72394366197183
Dejounte Murray,78,22.474358974358974,21.5,7.630636063042629,6,44,5.333333333333333,6.435897435897436,1.4230769230769231,0.3076923076923077,0.45747435897435895,0.34425641025641024,0.6846025641025641,2023-10-25,2024-04-14,31.23974358974359
James Harden,72,16.555555555555557,16.0,6.817312032537661,4,35,5.125,8.527777777777779,1.0694444444444444,0.7916666666666666,0.42036111111111113,0.37186111111111114,0.8787777777777778,2023-11-06,2024-04-12,31.21944444444444
Jalen Brunson,77,28.727272727272727,29.0,10.118555601671359,0,61,3.6103896103896105,6.740259740259741,0.9090909090909091,0.16883116883116883,0.46954545454545454,0.37027272727272725,0.7916363636363637,2023-10-25,2024-04-14,30.825974025974027
Damian Lillard,73,24.315068493150687,24.0,8.247687743861519,6,45,4.383561643835616,6.958904109589041,0.9863013698630136,0.2465753424657534,0.42308219178082196,0.3564383561643836,0.8919726027397261,2023-10-26,2024-04-14,30.47945205479452
Fred VanVleet,73,17.397260273972602,16.0,7.990862361381206,3,42,3.808219178082192,8.068493150684931,1.3835616438356164,0.8082191780821918,0.4083972602739726,0.3783698630136986,0.6853150684931507,2023-10-25,2024-04-11,30.453424657534242
Paolo Banchero,80,22.55,23.0,7.249443453103611,6,43,6.925,5.3875,0.8875,0.5875,0.46178749999999996,0.31027499999999997,0.6921999999999999,2023-10-25,2024-04-14,30.391249999999992
Rudy Gobert,76,13.960526315789474,13.5,5.1882965463272805,4,26,12.921052631578947,1.3421052631578947,0.6842105263157895,2.1315789473684212,0.6625263157894737,0.0,0.5903552631578947,2023-10-25,2024-04-14,30.36052631578948
Cade Cunningham,62,22.661290322580644,22.5,8.621253851958242,3,43,4.32258064516129,7.483870967741935,0.9032258064516129,0.3548387096774194,0.43840322580645164,0.33941935483870966,0.714,2023-10-25,2024-04-01,30.340322580645157
Anthony Edwards,79,25.936708860759495,27.0,9.589446351965695,0,51,5.443037974683544,5.1265822784810124,1.2784810126582278,0.5316455696202531,0.4499620253164557,0.3447594936708861,0.7967215189873418,2023-10-25,2024-04-14,30.278481012658226
Kyrie Irving,58,25.637931034482758,25.5,7.8443146824477665,10,48,5.0,5.155172413793103,1.2758620689655173,0.4827586206896552,0.49732758620689654,0.3953965517241379,0.7555344827586207,2023-10-25,2024-04-10,30.137931034482754
Jusuf Nurkić,76,10.907894736842104,9.0,6.071084761015827,2,31,11.013157894736842,3.960526315789474,1.0657894736842106,1.0526315789473684,0.5174868421052632,0.12148684210526317,0.5337105263157894,2023-10-24,2024-04-14,29.80131578947369
Tyrese Maxey,70,25.942857142857143,26.0,8.839774595929033,6,52,3.6857142857142855,6.185714285714286,0.9857142857142858,0.4714285714285714,0.4466,0.36198571428571424,0.8058428571428571,2023-10-26,2024-04-14,29.558571428571433
Kawhi Leonard,68,23.720588235294116,24.0,7.0517185123325055,6,41,6.117647058823529,3.588235294117647,1.6323529411764706,0.8676470588235294,0.5239411764705882,0.40616176470588233,0.7698676470588235,2023-10-25,2024-03-31,29.444117647058818
Zion Williamson,70,22.87142857142857,23.5,7.243030490287185,4,36,5.8,5.0285714285714285,1.1,0.6714285714285714,0.5715142857142858,0.06428571428571428,0.6477714285714286,2023-10-25,2024-04-14,29.167142857142856
Evan Mobley,50,15.7,14.5,5.754324017463665,4,33,9.36,3.2,0.9,1.44,0.5784,0.22,0.58572,2023-10-25,2024-04-14,29.162
Nikola Vučević,76,18.026315789473685,19.0,6.462143471450786,5,33,10.539473684210526,3.3421052631578947,0.6578947368421053,0.7894736842105263,0.47967105263157894,0.2986842105263158,0.4853421052631579,2023-10-25,2024-04-14,29.081578947368428
Jarrett Allen,77,16.506493506493506,16.0,6.084110834623545,4,33,10.532467532467532,2.727272727272727,0.6883116883116883,1.051948051948052,0.6427012987012987,0.0,0.6434935064935065,2023-11-03,2024-04-14,28.716883116883118
Jamal Murray,59,21.1864406779661,21.0,7.826732652221567,2,37,4.101694915254237,6.508474576271187,0.9661016949152542,0.6610169491525424,0.4741864406779661,0.4281694915254237,0.707084745762712,2023-10-24,2024-04-14,28.62542372881356
DeMar DeRozan,79,24.0126582278481,24.0,7.26511452057563,6,46,4.30379746835443,5.329113924050633,1.139240506329114,0.569620253164557,0.4825063291139241,0.28162025316455697,0.8507215189873417,2023-10-25,2024-04-14,28.588607594936704
Karl-Anthony Towns,62,21.758064516129032,21.0,8.44011786855573,7,62,8.306451612903226,3.0483870967741935,0.6935483870967742,0.6612903225806451,0.5057741935483872,0.42179032258064514,0.8044032258064516,2023-10-25,2024-04-14,28.508064516129032
Desmond Bane,42,23.738095238095237,24.0,8.3638581475692,6,49,4.404761904761905,5.476190476190476,1.0238095238095237,0.5238095238095238,0.46040476190476187,0.383952380952381,0.7495476190476191,2023-10-25,2024-03-27,28.333333333333343
Pascal Siakam,80,21.7125,21.0,6.646963235430489,8,39,7.0625,4.275,0.7875,0.3125,0.5342625,0.316325,0.6961375000000001,2023-10-25,2024-04-14,28.300000000000004
Brandon Ingram,64,20.8125,20.0,7.617596588017625,7,41,5.0625,5.671875,0.78125,0.625,0.4905,0.304390625,0.760296875,2023-10-25,2024-04-14,28.207812500000003
Stephen Curry,74,26.43243243243243,27.0,9.583206031273555,4,60,4.45945945945946,5.121621621621622,0.7297297297297297,0.3783783783783784,0.4443918918918919,0.4054864864864865,0.8591216216216216,2023-10-24,2024-04-12,28.182432432432435
Jalen Johnson,56,16.0,16.0,6.045283661289563,5,28,8.714285714285714,3.625,1.1964285714285714,0.8392857142857143,0.5276071428571428,0.3691785714285714,0.5691607142857144,2023-10-25,2024-04-09,27.966071428571432
Kyle Kuzma,70,22.185714285714287,22.0,6.884750755159008,7,38,6.628571428571429,4.228571428571429,0.5285714285714286,0.7,0.4630285714285714,0.31694285714285714,0.6720285714285714,2023-10-25,2024-04-03,27.939999999999998
Lauri Markkanen,55,23.236363636363638,22.0,6.5148367318834355,10,38,8.163636363636364,2.0,0.9090909090909091,0.4727272727272727,0.47874545454545453,0.3964,0.8249636363636363,2023-10-25,2024-03-27,27.796363636363637
Jimmy Butler III,60,20.766666666666666,20.0,6.914408112631376,8,37,5.3,4.966666666666667,1.3166666666666667,0.2833333333333333,0.5076833333333333,0.36856666666666665,0.8498166666666667,2023-10-25,2024-04-14,27.77666666666667
Chet Holmgren,82,16.548780487804876,16.0,6.614896094896823,2,36,7.902439024390244,2.4390243902439024,0.6463414634146342,2.317073170731707,0.5257439024390244,0.35109756097560973,0.6555731707317073,2023-10-25,2024-04-14,27.617073170731707
Jaren Jackson Jr.,66,22.515151515151516,22.0,8.496591939835325,4,44,5.53030303030303,2.3333333333333335,1.2121212121212122,1.606060606060606,0.4408939393939394,0.3113939393939394,0.7453484848484848,2023-10-25,2024-04-03,27.28787878787879
Miles Bridges,69,21.0,21.0,7.0856109371698635,4,45,7.318840579710145,3.347826086956522,0.9420289855072463,0.4782608695652174,0.4633188405797102,0.3592173913043478,0.6950579710144928,2023-11-17,2024-04-12,27.144927536231883
Kristaps Porziņģis,57,20.087719298245613,20.0,6.748758356051202,2,35,7.175438596491228,2.017543859649123,0.7368421052631579,1.9473684210526316,0.519140350877193,0.3835438596491228,0.7869649122807018,2023-10-25,2024-04-11,27.092982456140348
Deandre Ayton,55,16.727272727272727,18.0,7.998737274082576,2,34,11.072727272727272,1.6363636363636365,1.018181818181818,0.7636363636363637,0.5621272727272728,0.01818181818181818,0.38434545454545455,2023-10-25,2024-04-12,27.03272727272727
Jalen Duren,61,13.78688524590164,14.0,5.063314968471283,0,27,11.62295081967213,2.4098360655737703,0.5409836065573771,0.7704918032786885,0.6217213114754098,0.0,0.5764590163934427,2023-10-25,2024-04-11,26.972131147540978
Jaylen Brown,70,23.0,23.0,7.7534471062222075,8,41,5.5285714285714285,3.557142857142857,1.1857142857142857,0.5285714285714286,0.49850000000000005,0.3307142857142857,0.6186857142857143,2023-10-25,2024-04-11,26.89857142857143
Nic Claxton,71,11.845070422535212,11.0,4.64649756675143,4,23,9.943661971830986,2.0704225352112675,0.647887323943662,2.056338028169014,0.6421267605633802,0.014084507042253521,0.4284788732394366,2023-10-25,2024-04-14,26.791549295774644
Paul George,74,22.58108108108108,23.0,7.851370627671441,6,41,5.243243243243243,3.5405405405405403,1.527027027027027,0.5,0.4705135135135135,0.41121621621621623,0.7373378378378379,2023-10-25,2024-04-12,26.737837837837837
Terry Rozier,61,19.75409836065574,19.0,8.127434481854074,3,42,4.049180327868853,5.60655737704918,1.0327868852459017,0.3442622950819672,0.43650819672131147,0.32339344262295083,0.6828524590163935,2023-10-25,2024-04-07,26.27704918032787
Draymond Green,55,8.636363636363637,8.0,5.0235137340003595,0,23,7.236363636363636,6.036363636363636,1.0,0.8545454545454545,0.4727090909090909,0.2954,0.3159090909090909,2023-10-29,2024-04-12,26.083636363636366
Bradley Beal,53,18.18867924528302,16.0,8.682556792375745,3,43,4.377358490566038,5.0,0.9811320754716981,0.5094339622641509,0.5213962264150943,0.42566037735849055,0.599622641509434,2023-11-08,2024-04-14,25.92264150943396
Darius Garland,57,18.035087719298247,16.0,7.284927963857742,4,36,2.6666666666666665,6.543859649122807,1.2982456140350878,0.12280701754385964,0.44442105263157894,0.3373684210526316,0.6915964912280702,2023-10-25,2024-04-12,25.892982456140352
D'Angelo Russell,76,18.013157894736842,17.0,8.593786004709266,2,44,3.1052631578947367,6.342105263157895,0.9078947368421053,0.47368421052631576,0.4458289473684211,0.3776052631578947,0.5901578947368421,2023-10-24,2024-04-14,25.515789473684208
CJ McCollum,66,20.03030303030303,20.0,7.528345812726104,2,36,4.333333333333333,4.621212121212121,0.9393939393939394,0.6212121212121212,0.45219696969696965,0.4100151515151515,0.5376060606060606,2023-10-25,2024-04-14,25.28333333333334
Franz Wagner,72,19.73611111111111,19.0,6.825785938455826,6,38,5.291666666666667,3.736111111111111,1.0555555555555556,0.3888888888888889,0.4816805555555555,0.255625,0.7884722222222222,2023-10-25,2024-04-14,25.079166666666673
Tyler Herro,42,20.833333333333332,21.0,6.393276447944154,6,35,5.285714285714286,4.476190476190476,0.7142857142857143,0.07142857142857142,0.44357142857142856,0.38854761904761903,0.573047619047619,2023-10-25,2024-04-14,24.961904761904762
Tobias Harris,70,17.2,16.0,7.3239729457545755,2,37,6.4714285714285715,3.1,1.0,0.6571428571428571,0.4790857142857143,0.32715714285714287,0.7351571428571428,2023-10-26,2024-04-14,24.93
Derrick White,73,15.164383561643836,15.0,7.337146165290504,2,30,4.2465753424657535,5.164383561643835,1.0136986301369864,1.1917808219178083,0.4585068493150685,0.3709315068493151,0.5884383561643836,2023-10-25,2024-04-11,24.917808219178085
Anfernee Simons,46,22.58695652173913,23.5,9.842258293155018,3,41,3.630434782608696,5.543478260869565,0.5,0.10869565217391304,0.41250000000000003,0.3602826086956522,0.8002173913043479,2023-10-25,2024-03-22,24.72608695652174
Jalen Williams,71,19.08450704225352,19.0,6.865538120358271,5,36,3.971830985915493,4.535211267605634,1.1267605633802817,0.6338028169014085,0.5406056338028169,0.41456338028169015,0.6995492957746479,2023-10-25,2024-04-14,24.674647887323943
Ben Simmons,15,6.133333333333334,5.0,3.8147583085145715,0,13,7.933333333333334,5.733333333333333,0.8,0.6,0.5489999999999999,0.0,0.13333333333333333,2023-10-25,2024-02-26,24.55333333333333
Coby White,79,19.10126582278481,19.0,7.242316771814399,0,37,4.531645569620253,5.1265822784810124,0.6708860759493671,0.22784810126582278,0.4442784810126582,0.34959493670886077,0.6837721518987342,2023-10-25,2024-04-14,24.526582278481023
Zach LaVine,25,19.48,19.0,10.312290401910397,2,51,5.16,3.92,0.84,0.32,0.43316000000000004,0.3232,0.72348,2023-10-25,2024-01-18,24.372
Jalen Green,82,19.634146341463413,18.5,9.291589446776884,3,42,5.158536585365853,3.548780487804878,0.8048780487804879,0.34146341463414637,0.4029878048780488,0.30092682926829273,0.695219512195122,2023-10-25,2024-04-14,24.190243902439022
Clint Capela,73,11.452054794520548,12.0,4.0995971885134,2,20,10.63013698630137,1.2465753424657535,0.589041095890411,1.452054794520548,0.5761232876712329,0.0,0.5092328767123288,2023-10-25,2024-04-12,24.160273972602734
Deni Avdija,75,14.693333333333333,15.0,6.9495738413644155,2,43,7.2,3.8133333333333335,0.8,0.48,0.49933333333333335,0.34572,0.6657333333333333,2023-10-25,2024-04-14,24.113333333333337
Myles Turner,77,17.051948051948052,16.0,6.200373723660161,5,33,6.922077922077922,1.2987012987012987,0.5064935064935064,1.87012987012987,0.523,0.33116883116883117,0.7172727272727273,2023-10-25,2024-04-14,24.05974025974026
Khris Middleton,55,15.054545454545455,14.0,6.105304863374758,2,27,4.672727272727273,5.3090909090909095,0.9272727272727272,0.2727272727272727,0.49223636363636364,0.4029818181818182,0.5381636363636364,2023-10-26,2024-04-14,24.02545454545455
Austin Reaves,82,15.853658536585366,15.0,5.689761111996962,5,32,4.2926829268292686,5.487804878048781,0.8048780487804879,0.3048780487804878,0.48826829268292676,0.36197560975609755,0.7300243902439024,2023-10-24,2024-04-14,23.956097560975607
Josh Giddey,80,12.325,11.5,5.74957345693651,2,31,6.425,4.825,0.6375,0.55,0.4769375,0.274075,0.4608625,2023-10-25,2024-04-14,23.897499999999997
Mark Williams,19,12.736842105263158,12.0,5.905196442900081,2,27,9.68421052631579,1.1578947368421053,0.8421052631578947,1.0526315789473684,0.6828421052631579,0.0,0.6798421052631579,2023-10-25,2023-12-08,23.884210526315787
Mikal Bridges,82,19.585365853658537,19.0,8.256611596150314,4,45,4.536585365853658,3.6463414634146343,0.9878048780487805,0.36585365853658536,0.4331829268292683,0.3734512195121951,0.6637439024390244,2023-10-25,2024-04-14,23.706097560975614
Jakob Poeltl,50,11.1,12.0,4.665330226516551,2,19,8.58,2.54,0.7,1.52,0.66458,0.0,0.3711,2023-10-25,2024-03-03,23.645999999999997
Jrue Holiday,69,12.46376811594203,12.0,4.616402056303053,2,22,5.405797101449275,4.826086956521739,0.8840579710144928,0.7681159420289855,0.4871014492753623,0.44082608695652176,0.3799565217391304,2023-10-25,2024-04-11,23.494202898550725
Josh Hart,81,9.395061728395062,9.0,5.925957754544153,0,31,8.333333333333334,4.08641975308642,0.9259259259259259,0.2839506172839506,0.4167901234567901,0.2816543209876543,0.4165061728395062,2023-10-25,2024-04-14,23.444444444444446
Daniel Gafford,74,11.0,10.0,5.411808499279766,0,26,7.594594594594595,1.554054054054054,0.8783783783783784,2.0675675675675675,0.7082432432432432,0.0,0.4830675675675676,2023-10-25,2024-04-12,23.336486486486486
Caris LeVert,68,14.0,13.0,7.2235105369627535,2,31,4.117647058823529,5.088235294117647,1.1176470588235294,0.5,0.41261764705882353,0.31361764705882356,0.4824117647058824,2023-10-25,2024-04-12,23.308823529411764
Tyus Jones,66,11.969696969696969,12.0,5.77253363109688,0,25,2.712121212121212,7.348484848484849,1.0757575757575757,0.2727272727272727,0.47718181818181815,0.36468181818181816,0.2676818181818182,2023-10-25,2024-03-14,22.943939393939395
RJ Barrett,58,20.17241379310345,21.5,6.232731740463274,4,37,5.431034482758621,3.3275862068965516,0.5344827586206896,0.3793103448275862,0.4904827586206897,0.32505172413793104,0.6824827586206897,2023-10-25,2024-04-12,22.758620689655174
Aaron Gordon,73,13.876712328767123,14.0,5.270318368729026,2,30,6.4520547945205475,3.547945205479452,0.7671232876712328,0.6164383561643836,0.579054794520548,0.2157260273972603,0.5407945205479452,2023-10-24,2024-04-14,22.70821917808219
Isaiah Hartenstein,75,7.76,7.0,4.5167555923562075,0,20,8.346666666666666,2.506666666666667,1.16,1.1333333333333333,0.6454533333333333,0.013333333333333334,0.5290933333333334,2023-10-25,2024-04-14,22.622666666666664
Devin Vassell,68,19.455882352941178,21.0,7.434156394600899,2,36,3.838235294117647,4.073529411764706,1.0735294117647058,0.3382352941176471,0.46088235294117647,0.36394117647058827,0.6769117647058823,2023-10-25,2024-03-29,22.49558823529412
Marcus Smart,20,14.45,12.5,7.3733160432524665,3,29,2.65,4.3,2.05,0.25,0.4117,0.263,0.6169,2023-10-25,2024-01-09,22.43
John Collins,68,15.102941176470589,15.0,4.908535684259851,4,30,8.455882352941176,1.1323529411764706,0.5882352941176471,0.8970588235294118,0.5349705882352941,0.3413970588235294,0.6346617647058824,2023-10-25,2024-03-29,22.419117647058822
Jonas Valančiūnas,82,12.21951219512195,12.0,6.2499864498498106,0,29,8.792682926829269,2.1097560975609757,0.3902439024390244,0.8292682926829268,0.5478658536585366,0.20730487804878048,0.5582317073170732,2023-10-25,2024-04-14,22.37439024390244
Dennis Schröder,80,14.025,13.0,6.556425006111143,0,31,3.025,6.1,0.7875,0.2125,0.4264,0.3632125,0.607275,2023-10-25,2024-04-10,22.305
Jordan Clarkson,55,17.12727272727273,16.0,8.92365675223167,2,38,3.418181818181818,5.036363636363636,0.6363636363636364,0.10909090909090909,0.39032727272727274,0.25783636363636364,0.7235636363636363,2023-10-25,2024-03-25,22.274545454545457
Immanuel Quickley,68,17.0,17.0,6.67586430202895,5,32,3.8088235294117645,4.867647058823529,0.7352941176470589,0.14705882352941177,0.4333235294117647,0.3930735294117647,0.7114264705882354,2023-10-25,2024-04-12,22.136764705882353
Chris Paul,58,9.189655172413794,9.0,4.932729561980815,0,24,3.8793103448275863,6.775862068965517,1.206896551724138,0.10344827586206896,0.4250689655172414,0.33196551724137935,0.25903448275862073,2023-10-24,2024-04-14,22.12931034482759
Jordan Poole,78,17.384615384615383,16.0,8.404128189727391,0,38,2.717948717948718,4.397435897435898,1.1025641025641026,0.32051282051282054,0.3927948717948718,0.3009615384615385,0.6813589743589744,2023-10-25,2024-04-09,22.088461538461537
Ivica Zubac,68,11.676470588235293,12.0,4.969882957481226,2,24,9.205882352941176,1.3676470588235294,0.3235294117647059,1.2205882352941178,0.6613823529411764,0.0,0.5290441176470588,2023-10-25,2024-04-12,21.863235294117644
Jerami Grant,54,20.962962962962962,21.0,8.5118407271659,4,49,3.537037037037037,2.814814814814815,0.8333333333333334,0.6296296296296297,0.4414814814814815,0.39048148148148143,0.754074074074074,2023-10-25,2024-03-11,21.855555555555554
Jabari Smith Jr.,76,13.736842105263158,14.0,6.37990265558471,0,34,8.105263157894736,1.5921052631578947,0.6842105263157895,0.8026315789473685,0.4515526315789473,0.3593289473684211,0.6220394736842105,2023-10-25,2024-04-14,21.824999999999996
Cam Thomas,66,22.454545454545453,21.5,9.413871627602484,0,45,3.242424242424242,2.909090909090909,0.6818181818181818,0.24242424242424243,0.42754545454545456,0.31722727272727275,0.8071363636363637,2023-10-25,2024-04-14,21.807575757575755
Jeremy Sochan,74,11.635135135135135,11.0,7.000145447264521,0,33,6.4324324324324325,3.364864864864865,0.8378378378378378,0.5405405405405406,0.41427027027027025,0.2718378378378378,0.4815405405405405,2023-10-25,2024-03-29,21.65810810810811
Collin Sexton,78,18.692307692307693,19.5,6.771421405594829,1,35,2.628205128205128,4.910256410256411,0.7948717948717948,0.23076923076923078,0.47115384615384615,0.33697435897435896,0.8071794871794872,2023-10-25,2024-04-07,21.512820512820515
Malik Monk,72,15.416666666666666,15.0,8.038201046026282,0,39,2.9444444444444446,5.138888888888889,0.625,0.5416666666666666,0.430375,0.3131527777777778,0.586486111111111,2023-10-25,2024-03-29,21.491666666666664
Scoot Henderson,62,14.0,13.0,6.883098806520785,2,33,3.129032258064516,5.419354838709677,0.7741935483870968,0.20967741935483872,0.39037096774193547,0.3120967741935484,0.7091129032258066,2023-10-25,2024-04-12,21.351612903225803
Malcolm Brogdon,39,15.717948717948717,18.0,7.507710836020586,0,30,3.7948717948717947,5.487179487179487,0.6923076923076923,0.20512820512820512,0.43100000000000005,0.3760769230769231,0.6064102564102564,2023-10-25,2024-02-02,21.297435897435893
Russell Westbrook,68,11.088235294117647,11.0,4.967762624768736,2,24,5.044117647058823,4.5,1.088235294117647,0.3382352941176471,0.455,0.20097058823529412,0.488,2023-10-25,2024-04-12,21.24411764705882
Max Strus,70,12.185714285714285,11.0,6.091792666218931,0,27,4.828571428571428,4.042857142857143,0.9142857142857143,0.4142857142857143,0.4124,0.3304,0.35454285714285716,2023-10-25,2024-04-14,21.20142857142857
Amen Thompson,62,9.548387096774194,8.0,6.295138429589904,0,25,6.596774193548387,2.629032258064516,1.2580645161290323,0.6129032258064516,0.5114193548387097,0.07756451612903226,0.48779032258064514,2023-10-25,2024-04-14,21.15
Scotty Pippen Jr.,21,12.904761904761905,14.0,6.898585086122819,0,28,3.1904761904761907,4.666666666666667,1.7142857142857142,0.47619047619047616,0.46847619047619043,0.41566666666666663,0.560047619047619,2024-01-20,2024-04-14,21.114285714285714
Tre Jones,77,10.012987012987013,10.0,5.568930508902675,2,30,3.7532467532467533,6.207792207792208,1.0129870129870129,0.11688311688311688,0.49289610389610394,0.2808051948051948,0.4528051948051948,2023-10-25,2024-04-14,21.088311688311688
Brook Lopez,79,12.531645569620252,12.0,6.0379896532087365,0,39,5.177215189873418,1.6075949367088607,0.5443037974683544,2.392405063291139,0.4779746835443038,0.3481645569620253,0.48377215189873424,2023-10-26,2024-04-14,21.029113924050634
Mike Conley,76,11.43421052631579,11.0,5.349979504797601,0,25,2.8684210526315788,5.907894736842105,1.1578947368421053,0.2236842105263158,0.4514868421052632,0.43224999999999997,0.48914473684210524,2023-10-25,2024-04-14,21.00131578947368
Kelly Olynyk,78,9.76923076923077,9.0,5.656677646640473,0,27,5.269230769230769,4.448717948717949,0.9487179487179487,0.38461538461538464,0.5403076923076923,0.3331025641025641,0.5750512820512821,2023-10-25,2024-04-14,20.932051282051283
Bogdan Bogdanović,79,16.873417721518987,16.0,6.221070665143386,5,40,3.4430379746835444,3.1265822784810124,1.2151898734177216,0.3291139240506329,0.43445569620253166,0.39146835443037975,0.6338607594936709,2023-10-25,2024-04-14,20.783544303797466
OG Anunoby,50,14.66,12.5,6.419390269221168,2,29,4.16,2.14,1.36,0.72,0.48496,0.37656,0.43198000000000003,2023-10-25,2024-04-14,20.772000000000002
Michael Porter Jr.,81,16.74074074074074,18.0,6.765311851233795,3,34,6.9753086419753085,1.5061728395061729,0.5185185185185185,0.654320987654321,0.48016049382716053,0.3902716049382716,0.4607037037037037,2023-10-24,2024-04-14,20.71604938271605
Shaedon Sharpe,32,15.9375,16.5,7.560241931612778,0,29,5.0,2.9375,0.875,0.375,0.3869375,0.323125,0.7574375,2023-10-25,2024-01-11,20.59375
Keldon Johnson,69,15.710144927536232,16.0,6.804197340559381,0,29,5.463768115942029,2.8260869565217392,0.7391304347826086,0.2898550724637681,0.44157971014492753,0.3169420289855072,0.6695507246376812,2023-10-25,2024-04-07,20.56376811594203
Bobby Portis,82,13.78048780487805,13.0,6.865595727785048,2,31,7.402439024390244,1.2682926829268293,0.8292682926829268,0.4146341463414634,0.4902682926829268,0.33384146341463417,0.44736585365853654,2023-10-26,2024-04-14,20.553658536585367
Javonte Green,9,12.222222222222221,11.0,7.806692285753579,3,25,7.444444444444445,0.5555555555555556,1.1111111111111112,0.8888888888888888,0.6077777777777778,0.4181111111111111,0.4166666666666667,2024-03-27,2024-04-14,20.488888888888887
Keegan Murray,77,15.220779220779221,15.0,8.015812295285288,0,47,5.454545454545454,1.6753246753246753,1.025974025974026,0.7662337662337663,0.43177922077922076,0.33446753246753247,0.46440259740259743,2023-10-25,2024-04-14,20.363636363636363
Brandon Miller,74,17.283783783783782,17.0,7.263193513008219,1,35,4.256756756756757,2.364864864864865,0.8918918918918919,0.5675675675675675,0.4403648648648649,0.36040540540540544,0.6092432432432433,2023-10-25,2024-04-12,20.358108108108105
Jaden Ivey,77,15.38961038961039,15.0,7.06018458860346,2,37,3.4285714285714284,3.844155844155844,0.7402597402597403,0.5324675324675324,0.42818181818181816,0.3325974025974026,0.6749870129870129,2023-10-25,2024-04-14,20.315584415584414
Walker Kessler,64,8.09375,8.0,3.89431311057221,2,22,7.515625,0.9375,0.46875,2.40625,0.67390625,0.046875,0.329171875,2023-10-25,2024-04-02,20.268749999999997
Alex Caruso,71,10.070422535211268,10.0,4.492291631742953,2,23,3.8450704225352115,3.4788732394366195,1.6901408450704225,0.9859154929577465,0.4804929577464789,0.39799999999999996,0.3547042253521127,2023-10-25,2024-04-14,20.254929577464786
P.J. Washington,73,12.863013698630137,12.0,7.733971001894375,0,43,5.63013698630137,1.9315068493150684,0.9863013698630136,0.8082191780821918,0.4104109589041096,0.29695890410958903,0.4276575342465754,2023-10-25,2024-04-12,20.105479452054794
Tari Eason,22,9.772727272727273,9.0,5.673092867561987,2,25,6.954545454545454,1.2272727272727273,1.4090909090909092,0.8636363636363636,0.4515454545454546,0.2947272727272727,0.29090909090909095,2023-11-08,2024-01-01,20.00454545454545
Donte DiVincenzo,81,15.54320987654321,15.0,8.907930992542616,0,40,3.6666666666666665,2.6666666666666665,1.3209876543209877,0.4444444444444444,0.4320246913580247,0.39244444444444443,0.36417283950617285,2023-10-25,2024-04-14,19.974074074074075
Vince Williams Jr.,52,10.01923076923077,10.0,6.631742989814689,0,25,5.576923076923077,3.3653846153846154,0.9038461538461539,0.6538461538461539,0.39549999999999996,0.3430576923076923,0.47901923076923075,2023-10-30,2024-03-08,19.874999999999996
Grayson Allen,75,13.52,12.0,7.117469942218118,0,32,3.933333333333333,3.026666666666667,0.92,0.6,0.49576000000000003,0.44582666666666665,0.57168,2023-10-24,2024-04-14,19.819999999999997
Trey Murphy III,57,14.771929824561404,14.0,7.265420899860539,3,34,4.912280701754386,2.175438596491228,0.8947368421052632,0.49122807017543857,0.4346491228070175,0.3652105263157895,0.5622456140350878,2023-12-01,2024-04-14,19.701754385964914
Jonathan Kuminga,74,16.054054054054053,16.0,6.884351705716163,0,31,4.797297297297297,2.2027027027027026,0.7432432432432432,0.4864864864864865,0.5189594594594594,0.24075675675675673,0.6717837837837838,2023-10-24,2024-04-14,19.574324324324323
Kelly Oubre Jr.,68,15.426470588235293,15.5,7.302251087125157,3,32,5.014705882352941,1.4852941176470589,1.1323529411764706,0.6911764705882353,0.4358676470588235,0.27464705882352947,0.5717794117647059,2023-10-26,2024-04-14,19.569117647058825
T.J. McConnell,71,10.23943661971831,9.0,5.665597405727193,0,26,2.6901408450704225,5.492957746478873,1.0140845070422535,0.11267605633802817,0.5412676056338028,0.17253521126760563,0.33098591549295775,2023-10-25,2024-04-14,19.46056338028169
Andre Drummond,79,8.39240506329114,7.0,4.94435114490027,1,24,8.962025316455696,0.46835443037974683,0.9240506329113924,0.6075949367088608,0.5641772151898734,0.0,0.5028734177215191,2023-10-25,2024-04-09,19.412658227848098
Ausar Thompson,63,8.825396825396826,8.0,5.362773964848255,0,22,6.380952380952381,1.9047619047619047,1.0793650793650793,0.9365079365079365,0.4694761904761905,0.12093650793650794,0.3683333333333333,2023-10-25,2024-03-09,19.371428571428574
Al Horford,65,8.646153846153846,8.0,4.976289937138061,0,24,6.3538461538461535,2.5846153846153848,0.5846153846153846,0.9538461538461539,0.5108923076923076,0.40032307692307695,0.2,2023-10-25,2024-04-11,19.224615384615383
Santi Aldama,61,10.721311475409836,10.0,5.86552398210931,0,28,5.770491803278689,2.262295081967213,0.7049180327868853,0.8852459016393442,0.43673770491803277,0.35878688524590163,0.3139508196721311,2023-11-05,2024-04-01,19.21967213114754
Wendell Carter Jr.,55,10.963636363636363,10.0,5.206703785483125,2,25,6.927272727272728,1.7272727272727273,0.6363636363636364,0.509090909090909,0.5273090909090908,0.3422545454545455,0.4803636363636364,2023-10-25,2024-04-14,19.158181818181816
Onyeka Okongwu,55,10.2,9.0,4.964317117635058,1,22,6.836363636363636,1.3454545454545455,0.4727272727272727,1.0909090909090908,0.6146727272727273,0.19574545454545456,0.5424909090909091,2023-10-25,2024-03-21,19.049090909090907
De'Anthony Melton,38,11.078947368421053,10.0,6.573417305955566,0,30,3.710526315789474,3.0,1.5789473684210527,0.42105263157894735,0.37484210526315787,0.33963157894736845,0.5241315789473685,2023-10-26,2024-04-12,19.031578947368423
Klay Thompson,77,17.857142857142858,17.0,7.444026721780791,0,35,3.2987012987012987,2.2857142857142856,0.6493506493506493,0.45454545454545453,0.4222727272727273,0.37170129870129875,0.5933766233766233,2023-10-24,2024-04-14,18.951948051948055
Zach Collins,69,11.246376811594203,11.0,5.545018424361925,1,28,5.36231884057971,2.8115942028985508,0.4927536231884058,0.7536231884057971,0.4777101449275363,0.3121449275362319,0.561463768115942,2023-10-25,2024-04-14,18.891304347826086
Dereck Lively II,55,8.781818181818181,8.0,5.580026911825814,0,22,6.872727272727273,1.0909090909090908,0.6545454545454545,1.4,0.7064727272727273,0.0,0.25676363636363636,2023-10-25,2024-03-31,18.774545454545457
Brandin Podziemski,74,9.216216216216216,10.0,5.4226068397876235,0,25,5.77027027027027,3.689189189189189,0.8243243243243243,0.1891891891891892,0.43645945945945946,0.34578378378378377,0.30427027027027026,2023-10-30,2024-04-14,18.701351351351352
Saddiq Bey,63,13.698412698412698,14.0,5.552200727973288,0,26,6.523809523809524,1.4603174603174602,0.8095238095238095,0.1746031746031746,0.4195238095238095,0.31306349206349204,0.6767936507936507,2023-10-25,2024-03-10,18.685714285714283
Herbert Jones,76,11.013157894736842,10.0,4.951749646478858,2,23,3.5789473684210527,2.6184210526315788,1.381578947368421,0.8157894736842105,0.4920789473684211,0.3865921052631579,0.5767631578947369,2023-10-25,2024-04-14,18.630263157894735
Nick Richards,67,9.73134328358209,10.0,4.962227290582444,0,26,8.044776119402986,0.8059701492537313,0.3880597014925373,1.1044776119402986,0.6860149253731344,0.0,0.5756119402985075,2023-10-25,2024-04-10,18.579104477611942
Naz Reid,81,13.45679012345679,13.0,6.480835946689381,3,34,5.222222222222222,1.308641975308642,0.7777777777777778,0.9012345679012346,0.477641975308642,0.4010617283950617,0.4452716049382716,2023-10-25,2024-04-14,18.544444444444444
Jalen Suggs,75,12.573333333333334,12.0,5.907332441684367,0,27,3.0533333333333332,2.7333333333333334,1.4133333333333333,0.6266666666666667,0.4650133333333333,0.3747466666666667,0.4897733333333333,2023-10-25,2024-04-14,18.417333333333335
Mitchell Robinson,31,5.580645161290323,6.0,3.7751308458417445,0,15,8.483870967741936,0.5806451612903226,1.1935483870967742,1.1290322580645162,0.5164516129032257,0.0,0.254,2023-10-25,2024-04-14,18.27741935483871
Isaiah Stewart,46,10.934782608695652,11.0,3.996677363972582,3,20,6.630434782608695,1.5869565217391304,0.3695652173913043,0.8260869565217391,0.4994782608695652,0.3878043478260869,0.5371521739130435,2023-10-25,2024-03-18,18.163043478260867
Keyonte George,75,12.986666666666666,12.0,7.397028865432121,0,33,2.8133333333333335,4.426666666666667,0.48,0.09333333333333334,0.37604,0.31438666666666665,0.60644,2023-10-25,2024-04-14,18.149333333333335
Cody Martin,28,7.535714285714286,6.5,4.004461797259937,2,19,3.892857142857143,3.7142857142857144,1.1428571428571428,0.6428571428571429,0.3738214285714286,0.29382142857142857,0.27382142857142855,2023-12-23,2024-03-01,18.099999999999994
Cameron Johnson,58,13.379310344827585,13.0,5.428409951703238,3,29,4.327586206896552,2.3793103448275863,0.8448275862068966,0.25862068965517243,0.4417758620689655,0.3918793103448276,0.5074827586206897,2023-10-25,2024-04-10,17.848275862068967
Spencer Dinwiddie,76,10.460526315789474,10.0,7.189697795176437,0,29,2.6973684210526314,4.684210526315789,0.6710526315789473,0.2894736842105263,0.36835526315789474,0.3198815789473684,0.5793289473684211,2023-10-25,2024-04-14,17.64473684210526
Cole Anthony,81,11.567901234567902,11.0,6.361875257353247,1,30,3.8395061728395063,2.9135802469135803,0.7901234567901234,0.4567901234567901,0.4138271604938272,0.3021111111111111,0.6561728395061728,2023-10-25,2024-04-14,17.539506172839506
Andrew Wiggins,71,13.225352112676056,12.0,6.352046201475083,2,31,4.52112676056338,1.676056338028169,0.5915492957746479,0.5774647887323944,0.442112676056338,0.33297183098591554,0.5312957746478874,2023-10-24,2024-04-14,17.502816901408448
Kyle Lowry,60,8.116666666666667,7.0,6.156412301769475,0,28,3.2333333333333334,4.216666666666667,0.9833333333333333,0.35,0.4097166666666666,0.38095,0.38195,2023-10-25,2024-04-14,17.48833333333333
Jaime Jaquez Jr.,75,11.853333333333333,11.0,6.450839738618015,0,31,3.8,2.6,1.0266666666666666,0.26666666666666666,0.48492,0.30468,0.5687866666666667,2023-10-25,2024-04-14,17.400000000000002
Robert Williams III,6,6.833333333333333,6.0,1.8348478592697182,5,10,6.333333333333333,0.8333333333333334,1.1666666666666667,1.1666666666666667,0.6496666666666667,0.0,0.6111666666666666,2023-10-25,2023-11-05,17.349999999999998
Tre Mann,41,9.317073170731707,10.0,6.001828989525793,0,21,3.6341463414634148,4.024390243902439,1.2439024390243902,0.07317073170731707,0.3924146341463414,0.30446341463414633,0.3708292682926829,2023-10-25,2024-04-14,17.348780487804877
Ayo Dosunmu,76,12.157894736842104,11.5,7.39739166928262,0,35,2.8421052631578947,3.1842105263157894,0.8947368421052632,0.47368421052631576,0.4823289473684211,0.3414736842105263,0.40021052631578946,2023-10-25,2024-04-07,17.33157894736842
Killian Hayes,42,6.880952380952381,6.0,5.968218187963685,0,23,2.8333333333333335,4.880952380952381,0.8571428571428571,0.47619047619047616,0.37811904761904763,0.17457142857142857,0.31264285714285717,2023-10-25,2024-02-07,17.269047619047623
Royce O'Neale,79,7.69620253164557,6.0,5.3261676952035035,0,20,4.772151898734177,2.7721518987341773,0.7468354430379747,0.5569620253164557,0.3931012658227848,0.3656962025316456,0.14029113924050632,2023-10-25,2024-04-14,17.18860759493671
Marvin Bagley III,50,11.66,11.5,5.56450118783236,0,23,6.24,1.1,0.4,0.66,0.5848,0.12666,0.54716,2023-10-25,2024-04-02,17.168
Paul Reed,82,7.317073170731708,6.0,5.208914601710542,0,30,5.951219512195122,1.329268292682927,0.8170731707317073,1.024390243902439,0.5404268292682927,0.17073170731707318,0.3313048780487805,2023-10-26,2024-04-14,17.135365853658534
De'Andre Hunter,57,15.631578947368421,15.0,6.47145263817331,4,27,3.8947368421052633,1.5263157894736843,0.7017543859649122,0.2807017543859649,0.4514561403508772,0.3863157894736842,0.6871052631578948,2023-10-25,2024-04-14,17.059649122807016
Bruce Brown,67,10.835820895522389,11.0,5.298933611773316,2,30,4.2388059701492535,2.8656716417910446,0.8805970149253731,0.2537313432835821,0.4626865671641791,0.2676417910447761,0.5435820895522389,2023-10-25,2024-04-14,16.98955223880597
Bennedict Mathurin,59,14.508474576271187,14.0,7.684226749414117,0,34,3.9661016949152543,2.016949152542373,0.5932203389830508,0.23728813559322035,0.4299152542372881,0.3091186440677966,0.6839322033898304,2023-10-25,2024-03-05,16.95423728813559
Brandon Clarke,6,11.333333333333334,13.5,4.179314138308661,6,15,5.333333333333333,1.5,0.8333333333333334,1.0,0.5491666666666667,0.16666666666666666,0.08333333333333333,2024-03-27,2024-04-09,16.900000000000002
Precious Achiuwa,74,7.635135135135135,7.5,5.590045762364022,0,23,6.581081081081081,1.3108108108108107,0.6216216216216216,0.918918918918919,0.4857567567567567,0.18016216216216216,0.31410810810810813,2023-10-25,2024-04-14,16.829729729729728
Kyle Anderson,79,6.405063291139241,6.0,3.4437568459302685,0,17,3.4556962025316458,4.189873417721519,0.8987341772151899,0.5949367088607594,0.47155696202531644,0.09915189873417722,0.4339620253164557,2023-10-25,2024-04-14,16.82405063291139
Buddy Hield,84,12.05952380952381,12.0,6.368883676797913,0,31,3.2023809523809526,2.8095238095238093,0.8333333333333334,0.5,0.42692857142857144,0.37734523809523807,0.30258333333333337,2023-10-25,2024-04-14,16.783333333333335
Jabari Walker,72,8.86111111111111,8.0,5.2869905589644315,0,25,7.055555555555555,0.9861111111111112,0.5833333333333334,0.3055555555555556,0.45847222222222217,0.25327777777777777,0.5862777777777778,2023-10-25,2024-04-12,16.584722222222222
Grant Williams,76,10.31578947368421,9.0,6.819991253788701,0,27,4.184210526315789,2.289473684210526,0.5789473684210527,0.5131578947368421,0.43817105263157896,0.35078947368421054,0.41309210526315787,2023-10-25,2024-04-10,16.455263157894738
Kevin Love,55,8.818181818181818,8.0,5.53805323828091,0,22,6.1454545454545455,2.090909090909091,0.32727272727272727,0.18181818181818182,0.4302909090909091,0.2933272727272727,0.4701090909090909,2023-10-25,2024-04-14,16.347272727272728
Rui Hachimura,68,13.573529411764707,12.5,7.124303949181006,0,36,4.323529411764706,1.1911764705882353,0.6029411764705882,0.36764705882352944,0.5439999999999999,0.4142058823529412,0.46763235294117644,2023-10-24,2024-04-14,16.23970588235294
GG Jackson,48,14.5625,14.5,9.6929591687373,0,44,4.083333333333333,1.2291666666666667,0.5833333333333334,0.5,0.3987708333333333,0.3178958333333333,0.5829375,2023-10-30,2024-04-14,16.222916666666666
Aaron Nesmith,72,12.180555555555555,12.0,5.741684468174943,0,26,3.8194444444444446,1.5,0.9027777777777778,0.6805555555555556,0.4967083333333333,0.429625,0.5757638888888889,2023-10-25,2024-04-14,16.180555555555557
Talen Horton-Tucker,51,10.117647058823529,9.0,6.084889674672927,0,27,2.372549019607843,3.4705882352941178,0.8823529411764706,0.37254901960784315,0.37492156862745096,0.30707843137254903,0.5142941176470588,2023-10-25,2024-04-12,16.180392156862748
Caleb Martin,64,10.0,10.0,5.698788509515903,0,24,4.390625,2.234375,0.734375,0.453125,0.41546875,0.356828125,0.45765625,2023-10-25,2024-04-14,15.9953125
Patrick Williams,43,9.976744186046512,9.0,5.897894588398326,0,25,3.86046511627907,1.5348837209302326,0.9302325581395349,0.7674418604651163,0.4024651162790698,0.3841860465116279,0.436046511627907,2023-10-25,2024-01-25,15.806976744186045
Day'Ron Sharpe,61,6.80327868852459,6.0,3.572206004376696,0,15,6.377049180327869,1.3934426229508197,0.39344262295081966,0.7213114754098361,0.5916229508196721,0.04918032786885246,0.36072131147540987,2023-10-25,2024-04-10,15.775409836065574
Bilal Coulibaly,63,8.444444444444445,7.0,4.831942699463236,0,21,4.063492063492063,1.746031746031746,0.9047619047619048,0.7619047619047619,0.44782539682539685,0.3231111111111111,0.48142857142857143,2023-10-25,2024-03-16,15.773015873015872
Jordan Goodwin,57,6.456140350877193,5.0,5.1826295567797445,0,23,4.43859649122807,2.719298245614035,0.8421052631578947,0.3157894736842105,0.3565087719298246,0.20856140350877192,0.27045614035087717,2023-10-24,2024-04-14,15.677192982456141
Duncan Robinson,68,12.867647058823529,13.0,7.194326976840343,0,30,2.5441176470588234,2.823529411764706,0.6764705882352942,0.23529411764705882,0.42498529411764707,0.37958823529411767,0.43260294117647063,2023-10-25,2024-04-07,15.47941176470588
Payton Pritchard,82,9.597560975609756,8.5,7.597692560858362,0,38,3.231707317073171,3.426829268292683,0.47560975609756095,0.07317073170731707,0.4274146341463415,0.37070731707317073,0.23984146341463417,2023-10-25,2024-04-14,15.463414634146343
Kevin Huerter,64,10.234375,10.0,7.22592815480563,0,31,3.5,2.59375,0.703125,0.359375,0.4,0.302921875,0.26953125,2023-10-25,2024-03-18,15.45
Andrew Nembhard,68,9.205882352941176,9.0,4.767923993713951,0,22,2.073529411764706,4.117647058823529,0.9264705882352942,0.08823529411764706,0.49495588235294125,0.35158823529411765,0.25123529411764706,2023-10-25,2024-04-14,15.399999999999995
Luguentz Dort,79,10.886075949367088,10.0,5.775694745139284,2,29,3.5949367088607596,1.4303797468354431,0.9113924050632911,0.5949367088607594,0.4280886075949367,0.38839240506329115,0.4902658227848101,2023-10-25,2024-04-14,15.358227848101265
Dillon Brooks,72,12.708333333333334,12.0,6.731129072566451,0,29,3.4166666666666665,1.6527777777777777,0.8888888888888888,0.1388888888888889,0.4178888888888889,0.3683888888888889,0.5325000000000001,2023-10-25,2024-04-12,15.343055555555559
Kentavious Caldwell-Pope,76,10.078947368421053,10.0,5.061654954379347,0,24,2.4078947368421053,2.4078947368421053,1.2894736842105263,0.5526315789473685,0.45442105263157895,0.3760657894736842,0.46907894736842104,2023-10-24,2024-04-14,15.264473684210525
Dalano Banton,54,10.314814814814815,9.0,9.571624877482822,0,31,3.2962962962962963,2.3518518518518516,0.6111111111111112,0.37037037037037035,0.35053703703703704,0.1947962962962963,0.5099814814814815,2023-10-30,2024-04-14,15.26111111111111
Dorian Finney-Smith,68,8.529411764705882,8.0,4.882104354926965,0,21,4.661764705882353,1.5735294117647058,0.8235294117647058,0.5588235294117647,0.41045588235294117,0.332014705882353,0.22058823529411764,2023-10-25,2024-04-06,15.248529411764707
Tim Hardaway Jr.,79,14.417721518987342,14.0,8.396592097067177,0,41,3.2151898734177213,1.759493670886076,0.5316455696202531,0.0759493670886076,0.3826708860759494,0.3318860759493671,0.5533417721518987,2023-10-25,2024-04-14,15.130379746835441
Trey Jemison III,25,6.84,6.0,5.864298764558299,0,24,5.36,1.08,0.48,1.12,0.4686,0.0,0.44,2024-01-24,2024-04-14,15.091999999999999
Dyson Daniels,61,5.80327868852459,6.0,4.162610047118464,0,17,3.8688524590163933,2.6885245901639343,1.3934426229508197,0.4098360655737705,0.42078688524590163,0.3185573770491803,0.194,2023-10-25,2024-04-14,15.085245901639343
Jake LaRavia,35,10.82857142857143,10.0,8.452238528014563,0,32,3.657142857142857,1.6571428571428573,0.8285714285714286,0.34285714285714286,0.3419714285714286,0.2654571428571429,0.5368285714285714,2023-10-25,2024-04-14,15.045714285714286
Kris Dunn,66,5.409090909090909,5.0,3.3967281665982987,0,13,2.8636363636363638,3.8484848484848486,1.0303030303030303,0.42424242424242425,0.4648030303030303,0.32045454545454544,0.13712121212121214,2023-10-25,2024-04-05,15.027272727272727
Markelle Fultz,43,7.790697674418604,7.0,4.862676803175111,0,18,3.2093023255813953,2.7906976744186047,0.9767441860465116,0.3488372093023256,0.46025581395348836,0.0503953488372093,0.24030232558139536,2023-10-25,2024-04-14,14.97906976744186
Reggie Jackson,82,10.158536585365853,9.0,6.360506059909947,0,35,1.8902439024390243,3.7560975609756095,0.5365853658536586,0.15853658536585366,0.412609756097561,0.3439878048780488,0.3686341463414634,2023-10-24,2024-04-14,14.95121951219512
Gary Trent Jr.,71,13.71830985915493,14.0,7.364360312810706,0,31,2.647887323943662,1.676056338028169,1.0845070422535212,0.14084507042253522,0.4094084507042254,0.370056338028169,0.3293380281690141,2023-10-25,2024-04-14,14.860563380281693
Trayce Jackson-Davis,68,7.9411764705882355,8.0,5.400061782236887,0,20,5.014705882352941,1.2058823529411764,0.4264705882352941,1.1176470588235294,0.6241176470588234,0.0,0.38991176470588235,2023-10-27,2024-04-14,14.855882352941176
Corey Kispert,80,13.375,12.5,6.0239500897288565,2,27,2.8125,1.95,0.5125,0.2,0.4819,0.3706,0.514375,2023-10-25,2024-04-14,14.849999999999998
Luke Kennard,39,11.0,12.0,5.875909783980151,0,25,2.8974358974358974,3.4871794871794872,0.5128205128205128,0.05128205128205128,0.43553846153846154,0.45158974358974363,0.4157435897435897,2023-10-25,2024-04-03,14.835897435897436
Jalen Smith,61,9.852459016393443,10.0,4.085894702403096,0,20,5.524590163934426,1.0327868852459017,0.2786885245901639,0.6229508196721312,0.6089180327868852,0.43063934426229505,0.4046065573770492,2023-10-25,2024-04-14,14.834426229508196
Larry Nance Jr.,61,5.737704918032787,5.0,3.9576998342651097,0,14,5.032786885245901,1.8524590163934427,1.0,0.3114754098360656,0.5413114754098362,0.25136065573770494,0.29645901639344263,2023-10-25,2024-04-14,14.67868852459016
Toumani Camara,70,7.5285714285714285,7.0,4.56426392488246,0,18,4.9,1.2428571428571429,0.9428571428571428,0.4714285714285714,0.45930000000000004,0.29358571428571434,0.40262857142857145,2023-10-25,2024-03-27,14.60142857142857
Obi Toppin,82,10.28048780487805,10.0,5.917695560500136,0,27,3.902439024390244,1.5609756097560976,0.573170731707317,0.524390243902439,0.5622317073170732,0.365390243902439,0.4156585365853659,2023-10-25,2024-04-14,14.5
Malik Beasley,79,11.253164556962025,10.0,6.4697884767674045,0,30,3.670886075949367,1.3670886075949367,0.7468354430379747,0.11392405063291139,0.4391012658227848,0.40365822784810124,0.13924050632911392,2023-10-26,2024-04-14,14.430379746835445
Simone Fontecchio,66,10.484848484848484,10.0,6.459917656637438,0,27,3.727272727272727,1.5303030303030303,0.6666666666666666,0.3484848484848485,0.4405,0.3981818181818182,0.3245,2023-10-25,2024-03-17,14.283333333333331
Jaden McDaniels,72,10.51388888888889,10.0,5.538579305189625,0,26,3.111111111111111,1.4027777777777777,0.875,0.5833333333333334,0.48548611111111106,0.318125,0.3415,2023-10-30,2024-04-14,14.26805555555556
Dario Šarić,64,8.046875,7.5,5.813038676182506,0,21,4.421875,2.25,0.484375,0.15625,0.40850000000000003,0.303046875,0.471609375,2023-10-24,2024-04-14,14.259374999999999
Josh Richardson,43,9.883720930232558,9.0,5.048381646983428,2,24,2.813953488372093,2.441860465116279,0.5581395348837209,0.32558139534883723,0.44469767441860464,0.3378372093023256,0.5348837209302325,2023-10-30,2024-02-11,14.190697674418605
Vasilije Micić,60,7.033333333333333,5.0,6.175310783825877,0,25,1.4666666666666666,4.366666666666666,0.5166666666666667,0.11666666666666667,0.4120666666666667,0.2107,0.36325,2023-10-27,2024-04-14,14.11
John Konchar,55,4.2727272727272725,5.0,3.385451145900567,0,13,4.672727272727273,2.0,0.9272727272727272,0.9272727272727272,0.36105454545454546,0.2608727272727273,0.17576363636363637,2023-10-27,2024-03-22,14.08909090909091
Nikola Jović,46,7.6521739130434785,6.5,5.850802001261965,0,24,4.173913043478261,1.9565217391304348,0.5434782608695652,0.30434782608695654,0.4190217391304348,0.3735652173913044,0.28478260869565214,2023-10-28,2024-04-14,14.041304347826088
Bismack Biyombo,40,4.35,2.0,4.129630268419456,0,15,5.225,1.325,0.275,0.925,0.464175,0.0,0.15905,2023-11-03,2024-04-14,14.007499999999999
Josh Green,57,8.228070175438596,7.0,5.760138713172408,0,21,3.2280701754385963,2.280701754385965,0.8245614035087719,0.15789473684210525,0.44500000000000006,0.3248947368421053,0.24649122807017546,2023-10-25,2024-04-14,13.987719298245612
Cam Whitmore,47,12.319148936170214,12.0,6.100984891904654,0,25,3.8297872340425534,0.7021276595744681,0.6382978723404256,0.3617021276595745,0.43602127659574463,0.34195744680851065,0.44999999999999996,2023-10-25,2024-04-14,13.96808510638298
Isaac Okoro,69,9.376811594202898,9.0,4.765382057627458,0,22,2.9855072463768115,1.9130434782608696,0.8260869565217391,0.4927536231884058,0.5014927536231885,0.38520289855072465,0.45020289855072465,2023-10-25,2024-04-14,13.966666666666665
Nicolas Batum,60,5.333333333333333,5.0,4.156541369719792,0,19,4.133333333333334,2.1333333333333333,0.8,0.6333333333333333,0.4229,0.3610166666666667,0.08868333333333332,2023-10-25,2024-04-14,13.86
Moritz Wagner,80,10.85,11.0,5.539501417038097,2,27,4.3375,1.2,0.4875,0.2625,0.5953625,0.25415,0.626,2023-10-25,2024-04-14,13.855
Goga Bitadze,62,5.016129032258065,4.0,4.564624975110838,0,15,4.612903225806452,1.2741935483870968,0.5161290322580645,1.1612903225806452,0.4754032258064516,0.03225806451612903,0.35416129032258065,2023-10-25,2024-04-14,13.817741935483872
Harrison Barnes,82,12.195121951219512,11.0,7.396093437287853,0,39,3.0365853658536586,1.2073170731707317,0.6585365853658537,0.14634146341463414,0.44799999999999995,0.3294634146341463,0.5574878048780487,2023-10-25,2024-04-14,13.759756097560977
Xavier Tillman,54,5.2592592592592595,4.0,4.707221209633352,0,20,3.9074074074074074,1.4259259259259258,0.9444444444444444,0.8148148148148148,0.4185740740740741,0.1823888888888889,0.13911111111111113,2023-10-25,2024-04-14,13.605555555555558
Jarred Vanderbilt,29,5.172413793103448,4.0,4.675689143379534,0,17,4.758620689655173,1.2413793103448276,1.2413793103448276,0.1724137931034483,0.48324137931034483,0.15517241379310345,0.2629310344827586,2023-12-02,2024-02-01,13.572413793103449
Eric Gordon,68,11.014705882352942,11.0,6.922799552460476,0,27,1.7941176470588236,2.0441176470588234,0.9705882352941176,0.4411764705882353,0.4153235294117647,0.3528382352941176,0.3208529411764706,2023-10-24,2024-04-12,13.557352941176472
Kevon Looney,74,4.513513513513513,4.0,2.980499375475886,0,13,5.662162162162162,1.7972972972972974,0.3783783783783784,0.3918918918918919,0.5766621621621622,0.0,0.3592297297297297,2023-10-24,2024-04-14,13.544594594594594
Marcus Sasser,71,8.253521126760564,7.0,6.760638832576939,0,26,1.7605633802816902,3.323943661971831,0.6197183098591549,0.16901408450704225,0.40092957746478874,0.35105633802816905,0.28732394366197184,2023-10-25,2024-04-14,13.429577464788732
James Wiseman,63,7.079365079365079,6.0,5.588876011707967,0,24,5.333333333333333,0.8571428571428571,0.19047619047619047,0.6190476190476191,0.564031746031746,0.0,0.35458730158730156,2023-11-01,2024-04-14,13.384126984126983
Jonathan Isaac,58,6.775862068965517,7.0,4.4644525938907,0,25,4.482758620689655,0.5172413793103449,0.7413793103448276,1.206896551724138,0.47637931034482756,0.2595,0.395948275862069,2023-10-25,2024-04-14,13.327586206896552
Derrick Jones Jr.,76,8.644736842105264,7.0,6.2667459868067015,0,24,3.289473684210526,0.9868421052631579,0.6973684210526315,0.6710526315789473,0.47142105263157896,0.25534210526315787,0.42852631578947364,2023-10-25,2024-04-12,13.309210526315788
Norman Powell,76,13.894736842105264,14.0,5.579913852067182,0,26,2.5657894736842106,1.0789473684210527,0.5657894736842105,0.2894736842105263,0.482171052631579,0.42101315789473687,0.5333947368421053,2023-10-25,2024-04-12,13.302631578947366
Danté Exum,55,7.781818181818182,6.0,6.241114896516098,0,26,2.709090909090909,2.8545454545454545,0.4,0.09090909090909091,0.48807272727272727,0.3920363636363637,0.3659090909090909,2023-10-25,2024-04-12,13.296363636363637
Terance Mann,75,8.773333333333333,7.0,5.5350805881321286,0,24,3.3866666666666667,1.5866666666666667,0.5733333333333334,0.2,0.5027200000000001,0.35228,0.45110666666666666,2023-11-08,2024-04-14,13.264
Nickeil Alexander-Walker,82,7.987804878048781,7.0,5.355264866336481,0,28,2.0365853658536586,2.4878048780487805,0.7804878048780488,0.5121951219512195,0.4253170731707317,0.3887317073170732,0.3008048780487805,2023-10-25,2024-04-14,13.24878048780488
Taylor Hendricks,40,7.3,8.0,4.751248149103452,0,18,4.625,0.8,0.7,0.75,0.430825,0.37672500000000003,0.242925,2023-10-25,2024-04-14,12.950000000000003
Naji Marshall,66,7.0606060606060606,6.5,4.495737426902844,0,19,3.6363636363636362,1.9393939393939394,0.7424242424242424,0.18181818181818182,0.4487272727272727,0.3886818181818182,0.3731969696969697,2023-11-12,2024-04-11,12.93181818181818
Tristan Vukcevic,10,8.5,8.5,7.560864148142503,0,19,3.6,1.3,0.5,0.7,0.30369999999999997,0.2153,0.42780000000000007,2024-03-23,2024-04-12,12.919999999999998
Peyton Watson,80,6.65,5.0,4.639129119494496,0,20,3.225,1.075,0.525,1.1,0.4577375,0.225,0.335,2023-10-24,2024-04-14,12.8825
Isaiah Jackson,60,6.383333333333334,5.5,4.906210753198669,0,20,3.966666666666667,0.8333333333333334,0.5666666666666667,1.0166666666666666,0.62565,0.0,0.40414999999999995,2023-10-25,2024-04-09,12.81
Duop Reath,68,9.073529411764707,8.5,6.128758186579871,0,26,3.676470588235294,0.9852941176470589,0.4852941176470588,0.5588235294117647,0.4533823529411765,0.36151470588235296,0.39741176470588235,2023-11-12,2024-04-14,12.801470588235293
Taurean Prince,78,8.935897435897436,9.0,4.762787963383336,0,20,2.948717948717949,1.5256410256410255,0.7435897435897436,0.44871794871794873,0.43796153846153846,0.3689102564102564,0.29082051282051286,2023-10-24,2024-04-14,12.647435897435898
Justin Champagnie,15,5.933333333333334,4.0,5.612061839933528,0,16,3.533333333333333,1.2666666666666666,0.6666666666666666,0.6,0.34413333333333335,0.2122,0.26666666666666666,2024-02-22,2024-04-14,12.606666666666666
Christian Braun,82,7.317073170731708,7.0,4.835256446990189,0,25,3.731707317073171,1.6097560975609757,0.5121951219512195,0.4268292682926829,0.43314634146341463,0.306890243902439,0.38821951219512196,2023-10-24,2024-04-14,12.587804878048782
Luke Kornet,63,5.301587301587301,4.0,4.499587510252112,0,20,4.142857142857143,1.0634920634920635,0.36507936507936506,0.9682539682539683,0.6216666666666667,0.015873015873015872,0.3333333333333333,2023-10-25,2024-04-14,12.534920634920633
Matisse Thybulle,65,5.446153846153846,5.0,4.312158570653628,0,16,2.0923076923076924,1.3846153846153846,1.7384615384615385,0.7538461538461538,0.34823076923076923,0.2968,0.1430769230769231,2023-10-25,2024-03-29,12.518461538461539
Ziaire Williams,51,8.235294117647058,8.0,6.211564167885952,0,27,3.5294117647058822,1.4705882352941178,0.7058823529411765,0.17647058823529413,0.3439607843137255,0.29043137254901963,0.375921568627451,2023-10-25,2024-03-02,12.441176470588232
Bruno Fernando,45,6.266666666666667,6.0,4.992721975763595,0,25,4.288888888888889,1.0222222222222221,0.5555555555555556,0.6222222222222222,0.5015333333333333,0.0,0.41975555555555555,2023-10-29,2024-04-14,12.302222222222223
Trey Lyles,58,7.224137931034483,7.0,5.057712899138794,0,19,4.431034482758621,1.2413793103448276,0.29310344827586204,0.3275862068965517,0.393948275862069,0.32082758620689655,0.3793103448275862,2023-11-22,2024-04-14,12.144827586206898
Alec Burks,66,10.43939393939394,8.5,7.722352746069809,0,34,2.272727272727273,1.3333333333333333,0.42424242424242425,0.18181818181818182,0.3308030303030303,0.33874242424242423,0.5486515151515151,2023-10-25,2024-04-12,12.128787878787879
Brice Sensabaugh,32,7.53125,6.0,6.41059795409385,0,22,3.1875,1.71875,0.40625,0.1875,0.33353125,0.2540625,0.36875,2023-10-25,2024-04-14,12.121875
Jose Alvarado,56,7.089285714285714,7.0,3.9876025411234286,0,17,2.2857142857142856,2.0892857142857144,1.0535714285714286,0.26785714285714285,0.4178035714285714,0.3371607142857143,0.27232142857142855,2023-11-20,2024-04-14,12.108928571428573
Daniel Theis,60,6.266666666666667,6.0,4.387450001324721,0,19,4.066666666666666,1.0166666666666666,0.35,0.85,0.48264999999999997,0.25416666666666665,0.27221666666666666,2023-11-09,2024-04-14,12.071666666666665
Mason Plumlee,46,5.304347826086956,5.0,3.7704674936634777,0,14,5.086956521739131,1.1956521739130435,0.30434782608695654,0.3695652173913043,0.5330217391304347,0.0,0.41930434782608694,2023-10-25,2024-04-14,12.05
Sam Hauser,79,9.012658227848101,9.0,5.8364321532191346,0,30,3.4936708860759493,1.0379746835443038,0.5063291139240507,0.31645569620253167,0.46907594936708863,0.4475569620253165,0.10126582278481013,2023-10-25,2024-04-14,11.907594936708861
Mouhamed Gueye,6,4.0,1.0,7.4565407529228995,0,19,3.6666666666666665,0.6666666666666666,0.8333333333333334,0.6666666666666666,0.17966666666666667,0.2778333333333333,0.13883333333333334,2023-10-29,2024-04-14,11.899999999999999
Vít Krejčí,22,6.136363636363637,4.5,5.667748814421527,0,19,2.3636363636363638,2.272727272727273,0.5909090909090909,0.2727272727272727,0.4255909090909091,0.29600000000000004,0.11363636363636363,2024-02-14,2024-04-14,11.85909090909091
Lonnie Walker IV,58,9.741379310344827,8.5,7.515038361372333,0,26,2.189655172413793,1.2758620689655173,0.5517241379310345,0.3448275862068966,0.37613793103448273,0.3260344827586207,0.30996551724137933,2023-10-27,2024-04-14,11.825862068965517
Drew Eubanks,75,5.053333333333334,4.0,3.826978673283372,0,15,4.293333333333333,0.84,0.36,0.8133333333333334,0.5560400000000001,0.04,0.36133333333333334,2023-10-24,2024-04-14,11.812
Cason Wallace,82,6.841463414634147,5.5,4.563595918628372,0,22,2.2804878048780486,1.4634146341463414,0.926829268292683,0.45121951219512196,0.4825,0.3986585365853658,0.18292682926829268,2023-10-25,2024-04-14,11.779268292682927
Noah Clowney,23,5.782608695652174,3.0,6.309851761254924,0,22,3.5217391304347827,0.782608695652174,0.34782608695652173,0.6956521739130435,0.39282608695652177,0.18478260869565216,0.29408695652173916,2023-11-25,2024-04-14,11.769565217391303
Neemias Queta,28,5.5,5.0,4.8419463487779835,0,19,4.357142857142857,0.7142857142857143,0.4642857142857143,0.75,0.5383571428571429,0.0,0.2767857142857143,2023-11-19,2024-04-14,11.728571428571428
Kris Murray,62,6.064516129032258,6.0,5.288003644941626,0,21,3.6129032258064515,1.2903225806451613,0.8548387096774194,0.3387096774193548,0.33574193548387093,0.22990322580645162,0.23253225806451613,2023-10-25,2024-04-14,11.722580645161289
Torrey Craig,53,5.716981132075472,5.0,4.120200510853465,0,16,4.09433962264151,1.0943396226415094,0.5660377358490566,0.39622641509433965,0.409622641509434,0.35662264150943396,0.2531509433962264,2023-10-25,2024-04-14,11.69622641509434
Julian Champagnie,74,6.8108108108108105,6.0,5.275104817956651,0,17,2.7837837837837838,1.3918918918918919,0.6486486486486487,0.5675675675675675,0.3553513513513513,0.294972972972973,0.38424324324324327,2023-10-29,2024-04-14,11.671621621621624
Pat Connaughton,76,5.631578947368421,5.0,3.584567310989925,0,17,3.1447368421052633,2.1184210526315788,0.5263157894736842,0.25,0.44432894736842105,0.33172368421052634,0.2565789473684211,2023-10-26,2024-04-14,11.635526315789473
Bones Hyland,37,6.918918918918919,5.0,7.924569313142437,0,37,1.4864864864864864,2.5135135135135136,0.7027027027027027,0.10810810810810811,0.3058108108108108,0.24656756756756754,0.18243243243243243,2023-10-25,2024-04-12,11.594594594594595
Keon Ellis,57,5.43859649122807,3.0,6.011945085350762,0,26,2.175438596491228,1.4912280701754386,0.8947368421052632,0.5087719298245614,0.33952631578947373,0.2949824561403509,0.2090701754385965,2023-10-25,2024-04-14,11.59298245614035
Jared Butler,40,6.275,6.0,5.32043713260962,0,22,1.45,3.15,0.725,0.2,0.468625,0.239175,0.360425,2023-10-25,2024-04-14,11.59
Haywood Highsmith,66,6.136363636363637,5.0,5.479714657468282,0,20,3.1818181818181817,1.0606060606060606,0.803030303030303,0.45454545454545453,0.4130606060606061,0.32656060606060605,0.1471818181818182,2023-11-01,2024-04-14,11.56060606060606
Cameron Payne,78,7.410256410256411,6.0,5.68761675475628,0,24,1.5,2.628205128205128,0.5384615384615384,0.14102564102564102,0.41592307692307695,0.3410128205128205,0.2713717948717949,2023-10-26,2024-04-14,11.511538461538462
Jae Crowder,50,6.24,5.0,4.649160556224212,0,21,3.22,1.32,0.76,0.18,0.41954,0.30962,0.19934000000000002,2023-10-26,2024-04-14,11.463999999999999
Mo Bamba,57,4.43859649122807,4.0,3.9506669593321706,0,18,4.175438596491228,0.7192982456140351,0.38596491228070173,1.0526315789473684,0.3940175438596491,0.20877192982456141,0.2719298245614035,2023-10-29,2024-04-14,11.405263157894737
Charles Bassey,19,3.3157894736842106,2.0,3.2154597317568303,0,10,4.0,1.105263157894737,0.42105263157894735,0.8947368421052632,0.5587368421052631,0.0,0.13157894736842105,2023-10-25,2023-12-01,11.405263157894735
Georges Niang,82,9.365853658536585,10.0,5.867912736191153,0,33,3.3902439024390243,1.1951219512195121,0.36585365853658536,0.21951219512195122,0.4423780487804878,0.37308536585365853,0.28252439024390247,2023-10-25,2024-04-14,11.397560975609757
Dean Wade,54,5.388888888888889,5.0,5.3285159060479765,0,23,4.037037037037037,0.7962962962962963,0.7407407407407407,0.46296296296296297,0.3525,0.33218518518518514,0.1605,2023-10-27,2024-03-08,11.335185185185185
Joe Ingles,68,4.352941176470588,3.0,4.032571513490308,0,14,2.088235294117647,2.985294117647059,0.6323529411764706,0.07352941176470588,0.38886764705882354,0.36369117647058824,0.21079411764705883,2023-10-25,2024-04-14,11.248529411764705
Delon Wright,47,4.468085106382978,4.0,3.652581361351872,0,18,1.8297872340425532,2.5319148936170213,1.148936170212766,0.23404255319148937,0.3710851063829787,0.26985106382978724,0.26063829787234044,2023-10-25,2024-04-14,11.227659574468085
Miles McBride,68,8.264705882352942,6.0,7.581630681641035,0,29,1.4705882352941178,1.6764705882352942,0.7352941176470589,0.10294117647058823,0.4129264705882353,0.32923529411764707,0.26838235294117646,2023-10-28,2024-04-14,11.22058823529412
Lamar Stevens,38,7.157894736842105,7.0,5.697445211194764,0,19,3.3421052631578947,0.7368421052631579,0.6052631578947368,0.5789473684210527,0.4194736842105263,0.2416578947368421,0.28726315789473683,2023-10-30,2024-04-10,11.142105263157895
Craig Porter Jr.,51,5.588235294117647,4.0,5.586327847837917,0,21,2.1372549019607843,2.3137254901960786,0.4117647058823529,0.29411764705882354,0.3739607843137255,0.11403921568627451,0.34772549019607846,2023-10-28,2024-04-14,11.035294117647059
Maxi Kleber,43,4.441860465116279,4.0,4.24433698665138,0,21,3.3255813953488373,1.5813953488372092,0.3953488372093023,0.6976744186046512,0.37360465116279074,0.2713953488372093,0.29651162790697677,2023-10-25,2024-04-12,10.990697674418605
Thomas Bryant,38,5.7105263157894735,3.0,5.844414726838673,0,26,3.710526315789474,0.6052631578947368,0.2631578947368421,0.42105263157894735,0.4871578947368421,0.061394736842105266,0.4421052631578948,2023-10-25,2024-04-14,10.939473684210526
Richaun Holmes,40,4.975,4.0,4.896296350173052,0,16,4.55,0.625,0.275,0.475,0.497775,0.025,0.293775,2023-11-08,2024-03-27,10.872499999999999
Trendon Watford,63,6.857142857142857,6.0,5.470911768255532,0,21,3.0793650793650795,1.2857142857142858,0.36507936507936506,0.30158730158730157,0.5143809523809524,0.21534920634920635,0.3726666666666667,2023-11-01,2024-04-14,10.814285714285713
Gary Payton II,44,5.454545454545454,4.0,4.100224301604393,0,15,2.5681818181818183,1.0909090909090908,0.8863636363636364,0.4090909090909091,0.5254090909090908,0.2518636363636364,0.18181818181818182,2023-10-24,2024-04-09,10.763636363636364
Moses Moody,66,8.075757575757576,8.5,4.928131510672191,0,21,2.9696969696969697,0.8636363636363636,0.6363636363636364,0.36363636363636365,0.453,0.3331969696969697,0.3873787878787879,2023-10-24,2024-04-14,10.684848484848485
Gary Harris,54,6.888888888888889,6.0,4.385510734511515,0,17,1.6851851851851851,1.6111111111111112,0.9074074074074074,0.25925925925925924,0.4414444444444445,0.38153703703703706,0.27624074074074073,2023-10-25,2024-04-14,10.661111111111113
Malaki Branham,75,9.2,10.0,6.033689203580625,0,24,1.9733333333333334,2.08,0.36,0.10666666666666667,0.41164,0.30122666666666664,0.36112,2023-10-25,2024-04-10,10.621333333333332
Chris Boucher,50,6.44,6.0,4.026240460392047,0,17,4.14,0.46,0.28,0.48,0.47552,0.25564,0.52768,2023-10-27,2024-03-09,10.617999999999999
Ochai Agbaji,78,5.833333333333333,5.0,4.8628372527965755,0,21,2.769230769230769,1.064102564102564,0.6025641025641025,0.5641025641025641,0.41670512820512823,0.2663974358974359,0.21475641025641026,2023-10-25,2024-04-14,10.585897435897435
Isaiah Joe,78,8.153846153846153,8.0,4.6265100674909805,0,23,2.3076923076923075,1.2692307692307692,0.5897435897435898,0.28205128205128205,0.4622051282051282,0.4040897435897436,0.23397435897435898,2023-10-25,2024-04-14,10.570512820512818
Jaylin Williams,69,4.0,3.0,2.9999999999999996,0,14,3.391304347826087,1.5942028985507246,0.4057971014492754,0.391304347826087,0.411,0.32507246376811594,0.19443478260869565,2023-11-03,2024-04-14,10.555072463768115
DeAndre Jordan,36,3.9444444444444446,2.0,4.188040417627621,0,21,4.361111111111111,0.7222222222222222,0.16666666666666666,0.4444444444444444,0.5813333333333334,0.0,0.21680555555555556,2023-11-04,2024-04-04,10.483333333333334
David Roddy,65,6.538461538461538,6.0,5.679119988708977,0,19,3.246153846153846,1.2307692307692308,0.4153846153846154,0.16923076923076924,0.3430461538461539,0.17913846153846155,0.27463076923076923,2023-10-25,2024-04-14,10.449230769230772
Aaron Wiggins,78,6.948717948717949,6.0,5.378884729421233,0,26,2.3846153846153846,1.1025641025641026,0.717948717948718,0.24358974358974358,0.5324615384615385,0.3783846153846154,0.3062051282051282,2023-10-25,2024-04-14,10.387179487179488
Tosan Evbuomwan,17,5.9411764705882355,5.0,4.160387425398236,0,14,3.5294117647058822,0.9411764705882353,0.35294117647058826,0.29411764705882354,0.509764705882353,0.3372352941176471,0.29905882352941177,2024-02-02,2024-04-05,10.38235294117647
Gradey Dick,60,8.5,7.5,6.660024940147735,0,24,2.2,1.1333333333333333,0.5666666666666667,0.03333333333333333,0.3940166666666667,0.30005,0.28273333333333334,2023-10-25,2024-04-14,10.29
Sam Merrill,61,7.950819672131147,7.0,6.8372173421360944,0,27,1.9672131147540983,1.7704918032786885,0.3114754098360656,0.06557377049180328,0.3291803278688525,0.32467213114754095,0.2486393442622951,2023-10-28,2024-04-07,10.221311475409836
Jock Landale,56,4.892857142857143,4.0,4.822969931591836,0,20,3.0714285714285716,1.1607142857142858,0.35714285714285715,0.5892857142857143,0.4230714285714286,0.11308928571428571,0.33571428571428574,2023-10-25,2024-04-14,10.2125
Dru Smith,9,4.333333333333333,2.0,4.6097722286464435,0,12,1.5555555555555556,1.5555555555555556,1.0,0.3333333333333333,0.3085555555555556,0.2758888888888889,0.1111111111111111,2023-10-25,2023-11-22,10.2
Malachi Flynn,69,5.507246376811594,3.0,6.916780933535733,0,50,1.6521739130434783,1.8840579710144927,0.5507246376811594,0.11594202898550725,0.34440579710144925,0.2932753623188406,0.2937246376811594,2023-10-25,2024-04-14,10.14927536231884
David Duke Jr.,4,6.5,4.5,5.916079783099616,2,15,2.5,1.25,0.5,0.0,0.75,0.41675,0.5,2024-04-09,2024-04-14,10.125
Quentin Grimes,51,7.03921568627451,6.0,5.2036940121945126,0,19,1.9607843137254901,1.2941176470588236,0.6862745098039216,0.13725490196078433,0.3642156862745098,0.3109019607843137,0.20098039215686275,2023-10-25,2024-03-13,9.980392156862745
Patrick Baldwin Jr.,38,4.421052631578948,2.5,5.33033936827092,0,18,3.236842105263158,0.7631578947368421,0.47368421052631576,0.39473684210526316,0.3133421052631579,0.21992105263157893,0.24605263157894736,2023-10-25,2024-04-14,9.936842105263159
Jordan Hawkins,67,7.82089552238806,6.0,7.438485861595857,0,34,2.208955223880597,1.044776119402985,0.2835820895522388,0.1044776119402985,0.34932835820895525,0.32083582089552243,0.3111940298507463,2023-10-25,2024-04-09,9.814925373134328
Jeff Dowtin Jr.,12,4.333333333333333,2.5,4.7926711727070295,0,12,1.6666666666666667,2.25,0.5833333333333334,0.08333333333333333,0.3535,0.23616666666666666,0.16666666666666666,2024-03-05,2024-04-14,9.791666666666664
Bol Bol,43,5.186046511627907,3.0,5.504352450792651,0,25,3.186046511627907,0.3953488372093023,0.23255813953488372,0.5813953488372093,0.48167441860465116,0.2294651162790698,0.18023255813953487,2023-10-28,2024-04-14,9.730232558139535
Josh Okogie,60,4.616666666666666,4.0,4.282766675349036,0,17,2.566666666666667,1.0666666666666667,0.8,0.4,0.33305,0.22693333333333332,0.39403333333333335,2023-10-24,2024-04-14,9.696666666666667
Dominick Barlow,33,4.363636363636363,4.0,4.166969685951215,0,19,3.4242424242424243,1.0909090909090908,0.36363636363636365,0.42424242424242425,0.4062727272727273,0.07575757575757576,0.32321212121212123,2023-10-29,2024-03-27,9.684848484848484
Blake Wesley,61,4.39344262295082,4.0,4.021934395804213,0,17,1.540983606557377,2.721311475409836,0.47540983606557374,0.14754098360655737,0.4038196721311475,0.12978688524590162,0.38114754098360654,2023-10-29,2024-04-14,9.57049180327869
Jaylen Nowell,13,6.230769230769231,4.0,6.139406135149205,0,19,1.8461538461538463,1.4615384615384615,0.3076923076923077,0.15384615384615385,0.3463076923076923,0.11538461538461539,0.2692307692307692,2023-11-24,2024-04-14,9.561538461538461
Kevin Knox II,31,7.193548387096774,6.0,5.952138858364051,0,19,2.4193548387096775,0.7419354838709677,0.41935483870967744,0.22580645161290322,0.40690322580645166,0.2642258064516129,0.3629032258064516,2023-11-12,2024-02-04,9.5
Jae'Sean Tate,65,4.076923076923077,3.0,3.433782955373765,0,16,3.0307692307692307,0.9846153846153847,0.6461538461538462,0.23076923076923078,0.4277846153846154,0.18332307692307692,0.17692307692307693,2023-10-25,2024-04-04,9.444615384615386
Cam Reddish,48,5.416666666666667,5.0,4.950105665467231,0,18,2.0625,1.0,0.9791666666666666,0.2916666666666667,0.2862291666666667,0.22014583333333335,0.2899375,2023-10-24,2024-04-09,9.433333333333335
Aaron Holiday,78,6.589743589743589,6.0,5.464016641215312,0,22,1.5769230769230769,1.794871794871795,0.5384615384615384,0.07692307692307693,0.38446153846153847,0.31524358974358974,0.29060256410256413,2023-10-25,2024-04-14,9.405128205128204
Sandro Mamukelashvili,46,4.130434782608695,2.0,5.281450540028117,0,21,3.1956521739130435,1.065217391304348,0.15217391304347827,0.2608695652173913,0.33508695652173914,0.1496086956521739,0.18115217391304347,2023-10-29,2024-04-14,9.38913043478261
Kobe Bufkin,17,4.764705882352941,3.0,3.5973846709225072,0,12,1.9411764705882353,1.588235294117647,0.4117647058823529,0.29411764705882354,0.36205882352941177,0.19211764705882353,0.09805882352941177,2023-10-29,2024-04-14,9.388235294117647
Monté Morris,33,4.96969696969697,5.0,3.522116271547978,0,13,1.7272727272727273,2.090909090909091,0.5757575757575758,0.2727272727272727,0.4020909090909091,0.3313030303030303,0.17424242424242425,2024-01-24,2024-04-14,9.375757575757577
Jaden Hardy,73,7.260273972602739,6.0,5.41609586033528,0,25,1.7945205479452055,1.4931506849315068,0.3013698630136986,0.0547945205479452,0.3766164383561644,0.2670684931506849,0.27979452054794524,2023-10-30,2024-04-14,9.365753424657536
Amir Coffey,70,6.614285714285714,6.0,5.237249131739763,0,18,2.1142857142857143,1.0857142857142856,0.5857142857142857,0.2,0.42347142857142855,0.31721428571428567,0.34405714285714284,2023-10-25,2024-04-14,9.35142857142857
Dwight Powell,63,3.3015873015873014,3.0,3.2953286616395707,0,14,3.3968253968253967,1.3333333333333333,0.4126984126984127,0.31746031746031744,0.44712698412698415,0.015873015873015872,0.3447142857142857,2023-10-27,2024-04-14,9.338095238095237
Kenrich Williams,69,4.7101449275362315,5.0,3.8005473648942694,0,18,3.028985507246377,1.3478260869565217,0.5507246376811594,0.13043478260869565,0.43914492753623185,0.33066666666666666,0.050724637681159424,2023-11-14,2024-04-14,9.228985507246376
Adama Sanogo,9,4.0,0.0,7.280109889280518,0,22,4.0,0.0,0.1111111111111111,0.0,0.316,0.0,0.14822222222222223,2023-12-28,2024-04-12,9.022222222222222
Jalen Wilson,43,4.976744186046512,4.0,4.200274209263141,0,21,3.046511627906977,1.0465116279069768,0.2558139534883721,0.09302325581395349,0.472046511627907,0.24886046511627907,0.3023255813953488,2023-11-01,2024-04-14,8.899999999999999
Jeff Green,78,6.5256410256410255,6.0,4.84225009137136,0,21,2.282051282051282,0.8974358974358975,0.20512820512820512,0.3974358974358974,0.4416025641025641,0.22965384615384615,0.49912820512820516,2023-10-25,2024-04-14,8.815384615384616
Tazé Moore,4,4.5,2.0,5.0,2,12,2.0,1.25,0.5,0.0,0.58925,0.05,0.125,2024-01-21,2024-04-14,8.775
Jaxson Hayes,70,4.328571428571428,3.5,4.234849991598966,0,19,3.0142857142857142,0.4714285714285714,0.4857142857142857,0.4142857142857143,0.5637285714285714,0.0,0.2862,2023-10-24,2024-04-14,8.702857142857143
Tristan Thompson,49,3.2857142857142856,3.0,2.857738033247041,0,10,3.5510204081632653,1.0408163265306123,0.24489795918367346,0.2857142857142857,0.463,0.0,0.1156326530612245,2023-10-28,2024-04-14,8.66938775510204
Anthony Black,69,4.579710144927536,4.0,4.60628023049047,0,23,2.0144927536231885,1.318840579710145,0.5072463768115942,0.30434782608695654,0.37955072463768114,0.2103768115942029,0.2825942028985507,2023-10-25,2024-04-14,8.598550724637683
Landry Shamet,46,7.108695652173913,7.0,4.890936110669136,0,16,1.3478260869565217,1.173913043478261,0.5434782608695652,0.21739130434782608,0.39306521739130434,0.3193478260869565,0.2838260869565218,2023-11-01,2024-03-10,8.508695652173914
Rayan Rupert,39,3.9743589743589745,3.0,3.7310022604852824,0,13,2.358974358974359,1.5897435897435896,0.3076923076923077,0.07692307692307693,0.3010769230769231,0.22397435897435897,0.2564102564102564,2023-10-25,2024-04-14,8.45897435897436
Keon Johnson,5,6.2,4.0,4.08656334834051,3,12,1.4,0.6,0.6,0.2,0.3882,0.3666,0.7,2023-12-27,2024-04-14,8.379999999999999
Sidy Cissoko,12,3.75,1.0,4.864061153921782,0,14,1.8333333333333333,0.8333333333333334,0.5833333333333334,0.25,0.2844166666666667,0.02775,0.3511666666666667,2023-11-20,2024-04-14,8.366666666666665
Stanley Umude,24,5.291666666666667,3.0,5.849408492330222,0,19,2.125,0.4583333333333333,0.3333333333333333,0.2916666666666667,0.31045833333333334,0.2944583333333333,0.35070833333333334,2023-10-28,2024-03-20,8.279166666666667
Seth Curry,44,5.136363636363637,3.0,5.249987415670008,0,19,1.5454545454545454,1.0,0.5,0.13636363636363635,0.30211363636363636,0.2363409090909091,0.29736363636363633,2023-10-25,2024-03-01,8.263636363636365
Davion Mitchell,72,5.263888888888889,4.0,4.58409084649169,0,18,1.3194444444444444,1.8611111111111112,0.2361111111111111,0.041666666666666664,0.38756944444444447,0.25122222222222224,0.21180555555555555,2023-10-25,2024-04-14,8.194444444444445
Moses Brown,22,3.409090909090909,3.0,3.096220290383113,0,9,3.909090909090909,0.3181818181818182,0.22727272727272727,0.3181818181818182,0.42572727272727273,0.0,0.10945454545454546,2023-11-08,2024-04-14,8.168181818181818
Alex Len,48,2.5,2.0,2.820894682279123,0,11,2.6666666666666665,1.0416666666666667,0.22916666666666666,0.6875,0.4416875,0.0,0.16145833333333334,2023-10-25,2024-04-14,8.095833333333331
Jordan McLaughlin,56,3.482142857142857,3.0,3.5367734213215054,0,12,1.2857142857142858,1.9642857142857142,0.625,0.125,0.36989285714285713,0.30175,0.11607142857142858,2023-10-28,2024-04-14,7.9714285714285715
Dalen Terry,59,3.0508474576271185,2.0,3.370376673994391,0,17,1.9152542372881356,1.3728813559322033,0.4576271186440678,0.3050847457627119,0.3383898305084746,0.1567627118644068,0.16384745762711864,2023-10-25,2024-04-14,7.933898305084744
Jevon Carter,72,4.958333333333333,3.0,4.652539818267371,0,20,0.8333333333333334,1.3055555555555556,0.5138888888888888,0.2222222222222222,0.3248888888888889,0.26845833333333335,0.027777777777777776,2023-10-25,2024-04-14,7.8888888888888875
Jared Rhoden,17,4.882352941176471,5.0,4.400033422332956,0,16,1.9411764705882353,0.8235294117647058,0.17647058823529413,0.7647058823529411,0.3779411764705883,0.2548823529411765,0.14705882352941177,2023-10-30,2024-04-14,7.829411764705883
Oshae Brissett,55,3.6545454545454548,3.0,3.449198413685373,0,13,2.909090909090909,0.8,0.34545454545454546,0.14545454545454545,0.33325454545454547,0.17120000000000002,0.33392727272727274,2023-10-27,2024-04-14,7.827272727272728
Jarace Walker,33,3.6363636363636362,3.0,4.029719142029176,0,15,1.9090909090909092,1.2121212121212122,0.45454545454545453,0.3333333333333333,0.27245454545454545,0.22048484848484848,0.11363636363636363,2023-10-25,2024-04-14,7.82121212121212
Orlando Robinson,36,2.75,0.0,4.5817962790653555,0,16,2.3333333333333335,0.9444444444444444,0.19444444444444445,0.2222222222222222,0.1925,0.14352777777777778,0.24305555555555555,2023-10-28,2024-04-14,7.800000000000001
KJ Martin,60,3.7333333333333334,2.0,3.7860881232264205,0,15,2.183333333333333,0.85,0.36666666666666664,0.2,0.4345666666666667,0.075,0.175,2023-10-25,2024-04-07,7.761666666666667
Max Christie,67,4.2388059701492535,3.0,3.7339131810474884,0,14,2.1194029850746268,0.8955223880597015,0.29850746268656714,0.2537313432835821,0.4161641791044776,0.2809402985074627,0.22388059701492538,2023-10-24,2024-04-14,7.7298507462686565
Trevelin Queen,14,2.857142857142857,1.0,3.697340891820724,0,11,1.4285714285714286,1.2857142857142858,0.5,0.35714285714285715,0.2942142857142857,0.05357142857142857,0.29764285714285715,2023-12-27,2024-04-09,7.7142857142857135
Johnny Juzang,20,7.2,8.0,7.023269593962181,0,27,1.8,1.15,0.2,0.1,0.3634,0.32635000000000003,0.23335,2023-12-16,2024-04-14,7.684999999999999
Jaden Springer,49,3.326530612244898,2.0,3.670761473579885,0,11,1.5918367346938775,0.8979591836734694,0.7346938775510204,0.30612244897959184,0.2755714285714286,0.1156326530612245,0.2857142857142857,2023-10-26,2024-04-14,7.66530612244898
Gabe Vincent,11,3.090909090909091,2.0,3.207944683268259,0,9,0.8181818181818182,1.9090909090909092,0.8181818181818182,0.0,0.22536363636363638,0.08327272727272728,0.045454545454545456,2023-10-24,2024-04-14,7.572727272727272
Bryce McGowens,59,5.11864406779661,4.0,4.831950936618315,0,18,1.728813559322034,0.864406779661017,0.3559322033898305,0.1694915254237288,0.33823728813559323,0.19435593220338984,0.38589830508474576,2023-11-05,2024-04-14,7.540677966101693
Nick Smith Jr.,51,5.921568627450981,5.0,5.149148035374015,0,24,1.411764705882353,1.1568627450980393,0.19607843137254902,0.13725490196078433,0.4117647058823529,0.3897058823529412,0.0857843137254902,2023-10-25,2024-04-14,7.517647058823531
Jericho Sims,45,2.0444444444444443,1.0,2.6020582373780705,0,10,3.2666666666666666,0.5555555555555556,0.17777777777777778,0.4222222222222222,0.37631111111111115,0.0,0.1585111111111111,2023-10-28,2024-04-12,7.4977777777777765
Zeke Nnaji,58,3.206896551724138,2.0,3.177545233101955,0,14,2.1724137931034484,0.5517241379310345,0.25862068965517243,0.6551724137931034,0.38782758620689656,0.09194827586206897,0.27127586206896553,2023-10-24,2024-04-14,7.468965517241379
Julian Strawther,50,4.54,2.0,5.686396226153814,0,22,1.22,0.94,0.34,0.14,0.25226,0.1539,0.16,2023-10-27,2024-04-14,7.373999999999999
Micah Potter,16,3.3125,2.0,3.8595120589698038,0,11,2.6875,0.375,0.25,0.375,0.3169375,0.2604375,0.25,2023-12-14,2024-04-14,7.35
Shake Milton,48,4.5,4.0,4.0106241886991505,0,17,1.5625,1.25,0.3958333333333333,0.125,0.34312499999999996,0.1538125,0.3229166666666667,2023-10-25,2024-04-04,7.291666666666666
P.J. Tucker,31,1.6774193548387097,0.0,2.586981468483988,0,10,2.7419354838709675,0.5161290322580645,0.5161290322580645,0.22580645161290322,0.19783870967741934,0.24196774193548387,0.06451612903225806,2023-10-26,2024-04-14,7.225806451612903
Lester Quinones,37,4.4324324324324325,3.0,4.616038107274225,0,17,1.945945945945946,0.972972972972973,0.16216216216216217,0.05405405405405406,0.301,0.2618918918918919,0.23648648648648649,2023-10-30,2024-04-14,7.159459459459461
Anthony Gill,50,3.78,2.0,4.56378825815858,0,18,1.88,0.68,0.26,0.22,0.33271999999999996,0.10566,0.23199999999999998,2023-10-30,2024-04-14,7.015999999999998
Brandon Boston,32,5.21875,4.0,5.283781484334259,0,23,1.625,0.40625,0.34375,0.25,0.37290625,0.16159375,0.26303125,2023-12-16,2024-04-14,6.965624999999999
Ricky Council IV,32,5.40625,3.0,5.387317095166291,0,19,1.4375,0.5,0.25,0.03125,0.40396875,0.247375,0.41171875,2024-01-02,2024-04-14,6.94375
Patty Mills,32,3.96875,2.5,4.645388799312087,0,17,1.09375,1.0625,0.625,0.03125,0.27915625,0.24659375,0.125,2023-11-25,2024-04-14,6.9375
Garrett Temple,27,3.259259259259259,2.0,3.459575258418433,0,15,1.6666666666666667,1.037037037037037,0.4444444444444444,0.1111111111111111,0.39440740740740743,0.21233333333333332,0.24074074074074073,2023-11-01,2024-04-14,6.9259259259259265
Ben Sheppard,57,4.421052631578948,4.0,3.8635076975882043,0,15,1.5614035087719298,0.9298245614035088,0.5789473684210527,0.03508771929824561,0.3056842105263158,0.23296491228070176,0.21052631578947367,2023-10-25,2024-04-14,6.917543859649124
Chris Duarte,59,3.8983050847457625,3.0,4.062846442540422,0,18,1.7966101694915255,0.7457627118644068,0.4745762711864407,0.13559322033898305,0.3184576271186441,0.2552542372881356,0.20622033898305084,2023-10-25,2024-04-14,6.893220338983049
Matt Ryan,28,5.428571428571429,3.5,6.014972500343969,0,20,1.4285714285714286,0.6428571428571429,0.21428571428571427,0.03571428571428571,0.29425,0.3047142857142857,0.17857142857142858,2023-10-25,2024-04-14,6.857142857142858
Ousmane Dieng,33,4.03030303030303,3.0,4.48249964085922,0,18,1.5454545454545454,1.121212121212121,0.24242424242424243,0.15151515151515152,0.33681818181818185,0.24745454545454545,0.20454545454545456,2023-10-25,2024-04-14,6.854545454545454
JT Thor,63,3.1587301587301586,2.0,3.4087475195176475,0,20,2.3174603174603177,0.4603174603174603,0.1746031746031746,0.42857142857142855,0.3806190476190476,0.2007777777777778,0.10317460317460317,2023-10-25,2024-04-14,6.836507936507936
Ryan Rollins,13,3.3846153846153846,3.0,2.8442474557857285,0,7,1.0,1.0769230769230769,0.7692307692307693,0.23076923076923078,0.4756153846153846,0.23076923076923078,0.3109230769230769,2023-10-25,2024-04-14,6.699999999999999
Andre Jackson Jr.,57,2.192982456140351,0.0,3.0263048926468303,0,10,1.9824561403508771,0.8771929824561403,0.2807017543859649,0.10526315789473684,0.30629824561403507,0.1532105263157895,0.07894736842105263,2023-10-29,2024-04-14,6.659649122807017
Gui Santos,23,3.5652173913043477,2.0,3.727369130152133,0,13,2.130434782608696,0.6086956521739131,0.17391304347826086,0.08695652173913043,0.44456521739130433,0.26956521739130435,0.32608695652173914,2023-11-16,2024-04-14,6.556521739130434
MarJon Beauchamp,48,4.395833333333333,4.5,3.665477724711284,0,13,2.0625,0.6458333333333334,0.2708333333333333,0.14583333333333334,0.39033333333333337,0.28125,0.13714583333333333,2023-10-26,2024-04-14,6.422916666666666
Dariq Whitehead,2,1.5,1.5,0.7071067811865476,1,2,2.0,1.5,0.0,0.5,0.1,0.0,0.25,2023-11-25,2023-12-27,6.4
Jalen McDaniels,50,3.38,2.0,3.9117301355105294,0,15,1.58,0.74,0.38,0.12,0.26248,0.12072,0.20234000000000002,2023-10-25,2024-04-14,6.385999999999999
Collin Gillespie,24,3.625,2.5,4.401704215414752,0,18,0.875,1.125,0.5416666666666666,0.0,0.36083333333333334,0.20829166666666665,0.15625,2023-10-24,2024-03-31,6.195833333333333
Doug McDermott,64,5.484375,5.5,4.8402813361103725,0,18,0.921875,1.09375,0.25,0.03125,0.35109375,0.3380625,0.069015625,2023-10-25,2024-04-14,6.043749999999999
Olivier-Maxence Prosper,40,3.025,1.5,4.822423584751679,0,20,1.975,0.55,0.175,0.1,0.24630000000000002,0.10625,0.204975,2023-11-03,2024-04-14,6.02
Jordan Walsh,9,1.6666666666666667,1.0,2.5495097567963922,0,8,2.2222222222222223,0.5555555555555556,0.5555555555555556,0.1111111111111111,0.3611111111111111,0.07411111111111111,0.05555555555555555,2024-01-17,2024-04-14,5.999999999999999
Jamaree Bouyea,9,2.3333333333333335,2.0,2.23606797749979,0,6,2.111111111111111,1.2222222222222223,0.1111111111111111,0.0,0.37966666666666665,0.1111111111111111,0.0,2023-11-12,2024-04-14,5.922222222222223
Jamal Cain,26,3.730769230769231,2.5,4.626512226787624,0,18,1.4230769230769231,0.38461538461538464,0.38461538461538464,0.19230769230769232,0.24934615384615386,0.20446153846153844,0.2692307692307692,2023-10-27,2024-04-14,5.9192307692307695
Moussa Diabaté,11,2.6363636363636362,2.0,3.0090771765685,0,11,2.1818181818181817,0.36363636363636365,0.45454545454545453,0.09090909090909091,0.4090909090909091,0.0,0.3409090909090909,2023-10-25,2024-03-01,5.89090909090909
Caleb Houstan,59,4.288135593220339,3.0,4.759929177456418,0,25,1.423728813559322,0.4915254237288136,0.2542372881355932,0.06779661016949153,0.33640677966101695,0.3287457627118644,0.1435084745762712,2023-10-25,2024-04-14,5.8779661016949145
Johnny Davis,50,3.04,2.0,3.3803755376452194,0,15,1.44,0.64,0.36,0.2,0.32118,0.12932,0.132,2023-10-30,2024-04-14,5.848
Jeremiah Robinson-Earl,39,2.948717948717949,2.0,3.300308741129325,0,11,1.9487179487179487,0.5384615384615384,0.2564102564102564,0.10256410256410256,0.3617435897435898,0.1692307692307692,0.09743589743589744,2023-11-08,2024-04-14,5.812820512820513
Svi Mykhailiuk,41,3.951219512195122,3.0,4.604080904546504,0,26,1.2439024390243902,0.8536585365853658,0.2682926829268293,0.024390243902439025,0.3683902439024391,0.3268048780487805,0.07317073170731707,2023-10-30,2024-04-14,5.8097560975609746
Cory Joseph,26,2.423076923076923,2.0,2.452314448403009,0,8,1.1538461538461537,1.6153846153846154,0.15384615384615385,0.11538461538461539,0.29392307692307695,0.21157692307692308,0.07692307692307693,2023-10-24,2024-02-07,5.769230769230769
AJ Green,56,4.5,3.0,4.968994776703744,0,27,1.1428571428571428,0.5357142857142857,0.16071428571428573,0.07142857142857142,0.35980357142857144,0.319875,0.172625,2023-10-29,2024-04-10,5.639285714285714
Chuma Okeke,47,2.276595744680851,0.0,3.716602747832876,0,16,1.702127659574468,0.425531914893617,0.19148936170212766,0.14893617021276595,0.2453191489361702,0.16472340425531914,0.05319148936170213,2023-10-25,2024-04-14,5.638297872340425
Justin Minaya,34,1.7941176470588236,0.5,2.4093179188775813,0,9,1.6470588235294117,0.6176470588235294,0.2647058823529412,0.29411764705882354,0.20170588235294118,0.11664705882352942,0.08823529411764706,2023-11-08,2024-04-14,5.564705882352941
Garrison Mathews,66,4.924242424242424,5.5,4.517693782181027,0,21,1.393939393939394,0.5606060606060606,0.30303030303030304,0.12121212121212122,0.43096969696969695,0.41704545454545455,0.16868181818181816,2023-11-04,2024-04-14,5.536363636363635
Oscar Tshiebwe,8,3.25,2.5,2.187627547301936,1,8,2.0,0.25,0.25,0.125,0.629125,0.0,0.375,2023-12-13,2024-03-01,5.525
Kobe Brown,44,2.022727272727273,0.0,2.723614530350537,0,9,1.4090909090909092,0.5681818181818182,0.2727272727272727,0.13636363636363635,0.28125,0.15527272727272726,0.011363636363636364,2023-10-25,2024-04-14,5.384090909090909
Emoni Bates,15,2.7333333333333334,0.0,3.534860406754147,0,9,0.9333333333333333,0.6666666666666666,0.06666666666666667,0.13333333333333333,0.17026666666666668,0.17553333333333335,0.03333333333333333,2023-10-28,2024-04-14,5.253333333333334
JD Davison,8,2.0,1.5,2.3904572186687876,0,7,1.25,1.25,0.125,0.125,0.303625,0.291625,0.1875,2023-12-23,2024-04-14,5.125
Luka Garza,25,3.96,2.0,4.439219150556397,0,16,1.24,0.16,0.16,0.04,0.33432,0.15332,0.25668,2023-10-30,2024-04-14,5.088000000000001
A.J. Lawson,42,3.238095238095238,2.0,4.029219641262777,0,17,1.1904761904761905,0.47619047619047616,0.23809523809523808,0.07142857142857142,0.38102380952380954,0.11735714285714287,0.1507857142857143,2023-12-01,2024-04-14,5.000000000000001
Lindy Waters III,38,3.6052631578947367,3.0,3.9968871244548554,0,12,1.0526315789473684,0.631578947368421,0.13157894736842105,0.18421052631578946,0.32134210526315793,0.26942105263157895,0.05263157894736842,2023-10-25,2024-04-14,4.947368421052632
Markieff Morris,26,2.5384615384615383,2.0,2.716332368923497,0,10,1.5,0.6153846153846154,0.19230769230769232,0.11538461538461539,0.3300769230769231,0.23653846153846156,0.09615384615384616,2023-11-12,2024-04-14,4.876923076923077
Brandon Williams,17,3.176470588235294,2.0,5.3412930798361815,0,22,0.7647058823529411,1.0,0.058823529411764705,0.058823529411764705,0.3214705882352941,0.09805882352941177,0.17647058823529413,2024-01-01,2024-04-14,4.829411764705881
Taj Gibson,20,1.7,2.0,2.1051315748352692,0,8,1.85,0.55,0.15,0.35,0.29165,0.05,0.05,2023-12-15,2024-04-14,4.745
Colby Jones,30,2.1333333333333333,2.0,2.837353469810146,0,10,1.3333333333333333,0.6666666666666666,0.23333333333333334,0.16666666666666666,0.27283333333333337,0.013900000000000001,0.1,2023-10-25,2024-04-14,4.533333333333333
Mason Jones,5,1.4,0.0,2.6076809620810595,0,6,1.0,1.0,0.2,0.0,0.13340000000000002,0.13340000000000002,0.1,2024-02-28,2024-04-14,4.5
Julian Phillips,40,2.225,0.0,3.3396414670148546,0,11,0.9,0.325,0.175,0.175,0.243325,0.125,0.141675,2023-10-25,2024-03-13,4.4925
Drew Peterson,3,3.6666666666666665,3.0,4.041451884327381,0,8,0.3333333333333333,0.3333333333333333,0.6666666666666666,0.0,0.5833333333333334,0.5556666666666666,0.0,2023-12-23,2024-04-14,4.3999999999999995
D.J. Carton,4,2.75,2.5,1.707825127659933,1,5,1.0,0.75,0.25,0.0,0.45825,0.125,0.625,2024-02-22,2024-03-05,4.325
Leonard Miller,17,1.7058823529411764,0.0,2.2012696870883675,0,7,1.1764705882352942,0.47058823529411764,0.11764705882352941,0.058823529411764705,0.40194117647058825,0.11764705882352941,0.029411764705882353,2023-10-28,2024-04-14,4.1764705882352935
James Johnson,9,0.8888888888888888,0.0,1.0540925533894598,0,2,0.4444444444444444,0.8888888888888888,0.5555555555555556,0.1111111111111111,0.18511111111111112,0.0,0.1111111111111111,2023-12-16,2024-04-14,4.088888888888889
Nate Williams,22,2.8636363636363638,2.0,3.151650429997025,0,13,1.0454545454545454,0.3181818181818182,0.18181818181818182,0.045454545454545456,0.39186363636363636,0.09090909090909091,0.20454545454545456,2023-10-25,2024-04-14,4.05
Quenton Jackson,3,0.6666666666666666,0.0,1.1547005383792517,0,2,1.3333333333333333,0.6666666666666666,0.3333333333333333,0.0,0.0,0.0,0.3333333333333333,2024-03-16,2024-04-14,3.933333333333333
Terry Taylor,31,1.4838709677419355,0.0,1.8050109462629393,0,6,1.1935483870967742,0.3225806451612903,0.16129032258064516,0.06451612903225806,0.3736774193548387,0.04838709677419355,0.08064516129032258,2023-10-28,2024-04-01,3.8516129032258064
Ty Jerome,2,2.0,2.0,0.0,2,2,0.5,1.5,0.0,0.0,0.6665,0.0,0.0,2023-10-25,2023-10-27,3.8499999999999996
Isaiah Mobley,10,2.3,2.0,3.3015148038438356,0,11,1.0,0.6,0.2,0.0,0.2972,0.1583,0.0,2023-10-31,2024-04-14,3.8000000000000007
Adam Flagler,2,1.5,1.5,2.1213203435596424,0,3,0.0,2.0,0.0,0.0,0.125,0.1665,0.0,2024-02-23,2024-04-10,3.75
Jalen Pickett,27,1.5555555555555556,0.0,2.0631069425529676,0,8,0.5185185185185185,0.7777777777777778,0.14814814814814814,0.0,0.3333333333333333,0.2284074074074074,0.05555555555555555,2023-10-24,2024-04-10,3.6407407407407404
Kessler Edwards,54,1.7222222222222223,0.0,2.9678571563720735,0,10,0.7777777777777778,0.2777777777777778,0.18518518518518517,0.07407407407407407,0.18557407407407409,0.17192592592592593,0.05555555555555555,2023-10-25,2024-04-14,3.590740740740741
Cole Swider,18,2.3333333333333335,0.0,4.01467894841213,0,14,0.3888888888888889,0.2777777777777778,0.05555555555555555,0.05555555555555555,0.2618888888888889,0.17200000000000001,0.05555555555555555,2023-10-28,2024-04-14,3.438888888888889
Jacob Toppin,9,1.4444444444444444,0.0,3.643868518179241,0,11,0.7777777777777778,0.3333333333333333,0.0,0.1111111111111111,0.119,0.037000000000000005,0.1111111111111111,2023-12-05,2024-03-08,3.1
TyTy Washington Jr.,11,1.2727272727272727,0.0,2.0045403009622476,0,6,0.45454545454545453,0.45454545454545453,0.2727272727272727,0.0,0.17727272727272728,0.18181818181818182,0.0,2023-10-29,2024-04-14,3.0454545454545454
Chris Livingston,21,1.2380952380952381,0.0,2.0224925687072846,0,6,1.0,0.23809523809523808,0.09523809523809523,0.0,0.28095238095238095,0.047619047619047616,0.07142857142857142,2023-11-01,2024-04-12,2.9857142857142858
Jalen Hood-Schifino,21,1.619047619047619,1.0,2.334013506306047,0,10,0.6190476190476191,0.38095238095238093,0.14285714285714285,0.09523809523809523,0.20395238095238097,0.047619047619047616,0.23809523809523808,2023-11-27,2024-03-06,2.90952380952381
Braxton Key,20,1.1,0.5,1.2096106376585989,0,3,0.9,0.45,0.1,0.05,0.24165,0.075,0.175,2023-10-24,2024-04-14,2.9050000000000007
Daishen Nix,15,1.8,1.0,2.0424075429327444,0,5,0.2,0.4,0.3333333333333333,0.0,0.29113333333333336,0.2722,0.1,2023-10-30,2024-04-10,2.8066666666666666
Jett Howard,18,1.6111111111111112,0.5,1.9444911292248126,0,6,0.3888888888888889,0.3333333333333333,0.1111111111111111,0.1111111111111111,0.3287222222222222,0.2916666666666667,0.05555555555555555,2023-10-25,2024-04-14,2.7722222222222226
Pat Spencer,6,0.6666666666666666,0.0,1.0327955589886446,0,2,0.6666666666666666,0.8333333333333334,0.0,0.0,0.22216666666666665,0.0,0.0,2024-02-25,2024-04-14,2.716666666666667
Jay Huff,20,1.15,0.0,1.3869694338832113,0,4,0.55,0.1,0.1,0.15,0.325,0.125,0.05,2023-11-26,2024-04-10,2.46
E.J. Liddell,8,0.5,0.0,1.4142135623730951,0,4,0.625,0.125,0.25,0.25,0.041625,0.0,0.125,2023-10-28,2024-01-27,2.4375
Colin Castleton,16,1.5,1.0,1.8618986725025255,0,6,0.75,0.1875,0.125,0.0,0.3645625,0.0,0.1875,2023-11-04,2024-04-14,2.43125
Josh Minott,32,1.5625,2.0,1.6448845434529205,0,5,0.53125,0.25,0.15625,0.15625,0.34375,0.125,0.20834375,2023-10-28,2024-04-14,2.2
Wendell Moore Jr.,25,0.72,0.0,1.2754084313139329,0,4,0.48,0.24,0.2,0.04,0.24,0.0,0.0,2023-11-22,2024-04-14,2.1359999999999997
Hunter Tyson,18,1.1111111111111112,0.0,1.5676467522593478,0,5,0.5,0.1111111111111111,0.05555555555555555,0.0,0.2685,0.16666666666666666,0.0,2023-10-29,2024-04-14,1.9888888888888892
DaQuan Jeffries,17,0.8235294117647058,0.0,1.629236558853834,0,5,0.29411764705882354,0.29411764705882354,0.0,0.058823529411764705,0.21570588235294116,0.11764705882352941,0.0,2023-10-28,2024-04-04,1.7352941176470589
Ron Harper Jr.,1,0.0,0.0,,0,0,0.0,1.0,0.0,0.0,0.0,0.0,0.0,2023-11-19,2023-11-19,1.5
Seth Lundy,9,1.5555555555555556,2.0,1.3333333333333333,0,3,0.7777777777777778,0.0,0.0,0.0,0.23811111111111108,0.12966666666666668,0.16666666666666666,2023-12-15,2024-01-24,1.488888888888889
Jordan Miller,8,1.625,2.0,1.5059406173077154,0,4,0.625,0.0,0.0,0.0,0.416625,0.125,0.125,2023-10-25,2024-03-17,1.375
Alondes Williams,7,0.7142857142857143,0.0,1.2535663410560174,0,3,0.14285714285714285,0.0,0.0,0.14285714285714285,0.21428571428571427,0.0,0.14285714285714285,2024-02-13,2024-04-14,1.1714285714285713
Pete Nance,8,0.375,0.0,1.0606601717798212,0,3,0.375,0.0,0.125,0.0,0.041625,0.125,0.0,2024-01-20,2024-04-14,1.075
Isaiah Wong,1,2.0,2.0,,2,2,0.0,0.0,0.0,0.0,0.333,0.0,0.0,2024-04-01,2024-04-01,1.0
Maxwell Lewis,34,0.3235294117647059,0.0,0.8060599359358184,0,3,0.11764705882352941,0.17647058823529413,0.058823529411764705,0.029411764705882353,0.07352941176470588,0.014705882352941176,0.01961764705882353,2023-10-24,2024-04-14,0.9058823529411766
